{
    "fields": [
        {
            "type": "number",
            "name": "id",
            "internal": false,
            "key": true,
            "oid": "8ad6b5fa-949c-4f13-921c-26c071af016a",
            "required": true,
            "unique": true,
            "displayLabel": "Id"
        },
        {
            "type": "datetime",
            "name": "creationDate",
            "internal": false,
            "oid": "76d38130-f10b-4e92-a4d5-2810b25fb15b",
            "displayLabel": "Created",
            "historyType": "timeCreated"
        },
        {
            "type": "datetime",
            "name": "lastUpdateDate",
            "internal": false,
            "oid": "5b9b8ee5-aa8e-44eb-81d6-e20ef2e1001c",
            "displayLabel": "Last Updated",
            "historyType": "timeUpdated"
        },
        {
            "type": "string",
            "name": "createdBy",
            "internal": false,
            "oid": "d9ccc07f-2589-4af0-9567-0144229bc625",
            "displayLabel": "Created By",
            "historyType": "createdBy"
        },
        {
            "type": "string",
            "name": "lastUpdatedBy",
            "internal": false,
            "oid": "a9420335-ad21-44c7-a0f5-8222f00e3b9d",
            "displayLabel": "Last Updated By",
            "historyType": "updatedBy"
        },
        {
            "type": "number",
            "name": "versionNumber",
            "internal": false,
            "oid": "2de8bda8-0a28-4030-b196-7f81d1e90259",
            "displayLabel": "Version Number",
            "historyType": "versionNumber"
        },
        {
            "type": "string",
            "name": "title",
            "oid": "002b1d57-f8f4-45f0-9b8d-7e0a52036d53",
            "displayLabel": "Title"
        },
        {
            "type": "string",
            "name": "purchasingOrganization",
            "oid": "d58f2c6a-e307-4344-bd9a-9870a21908e5",
            "displayLabel": "Purchasing Organization"
        },
        {
            "type": "string",
            "name": "purchasingGroup",
            "oid": "c0cccc65-b76a-49f8-83d3-6a1c8da458a3",
            "displayLabel": "Purchasing Group"
        },
        {
            "type": "string",
            "name": "paymentTerms",
            "oid": "54c58796-1783-4ef9-8210-226e12356890",
            "displayLabel": "Payment Terms"
        },
        {
            "type": "string",
            "name": "companyCode",
            "oid": "e261222d-0c9f-4794-94a2-11d33aa56dda",
            "displayLabel": "Company Code"
        },
{
            "type": "string",
            "name": "documentType",
            "oid": "0a8d3bee-63aa-459f-9895-3dddab606317",
            "displayLabel": "Document Type"
        },
        {
            "type": "date",
            "name": "date1",
            "oid": "ec91e72b-fb19-433b-b23c-0c49586e3f5e",
            "displayLabel": "date"
        }
    ],
    "name": "POApprovals",
    "oid": "00b16357-d076-438a-9da5-d17303f28dfb",
    "displayLabel": "Poapprovals"
}