{
  "title": "",
  "description": "",
  "variables": {
    "getlookup": {
      "type": "vb/ServiceDataProvider",
      "defaultValue": {

        "responseType": "getlookupResponse",
        "itemsPath": "items",
        "keyAttributes": "lookup_value_name",
        "transformsContext": {
          "vb-textFilterAttributes": [
            "lookup_type_name_disp"
          ]
        },
        "fetchChain": "getlookupFetch"
      }
    },
    "getlookupListSDP": {
      "type": "vb/ServiceDataProvider",
      "defaultValue": {
        "keyAttributes": "lookup_value_name",
        "itemsPath": "items",
        "responseType": "getlookupResponse",
        "transformsContext": {
          "vb-textFilterAttributes": [
            "lookup_value_name_disp"
          ]
        },
        "fetchChain": "getlookupFetch1"
      }
    },
    "getlookupListSDP2": {
      "type": "vb/ServiceDataProvider",
      "defaultValue": {
        "endpoint": "RequestApplication/getlookup",
        "itemsPath": "items",
        "responseType": "getlookupResponse2",
        "uriParameters": {
          "lookuptypecode": "MONTH"
        },
        "transformsContext": {
          "vb-textFilterAttributes": [
            "lookup_value_name_disp"
          ]
        },
        "keyAttributes": "lookup_value_name"      }
    },
    "getPayslipByMonthId": {
      "type": "getPayslipByMonthIdResponse"
    },
    "payslip_id": {
      "type": "number"
    },
    "payslip_obj": {
      "type": "getpayslipBymonth"
    },
    "print": {
      "type": "string"
    },
    "selectedLookupId": {
      "type": "number",
      "onValueChanged": {
        "chains": [
          {
            "chain": "loadGetPayslipByMonthIdChain",
            "parameters": {
              "pmonthId": "{{ $variables.selectedLookupId }}"
            }
          }
        ]
      }
    }

  },
  "metadata": {},
  "types": {
    "@decorators.getlookup": {
      "endpoint": "getlookup",
      "service": "RequestApplication",
      "path": "response"
    },
    "@decorators.getlookupResponse": {
      "endpoint": "getlookup",
      "service": "RequestApplication",
      "path": "response"
    },
    "@decorators.getlookupResponse2": {
      "endpoint": "getlookup",
      "service": "RequestApplication",
      "path": "response"
    },
    "@decorators.getpayslipBymonth": {
      "endpoint": "getpayslipBymonth",
      "service": "RequestApplication",
      "path": "response"
    },
    "@decorators.getPayslipByMonthIdResponse": {
      "endpoint": "getPayslipByMonthId",
      "service": "RequestApplication",
      "path": "response"
    },
    "action": {
      "id": "string",
      "label": "string",
      "display": "string",
      "icon": "string"
    },
    "getlookup": {
      "items": [
        {
          "child_lookup_type_id": "any",
          "created_by": "string",
          "creation_date": "string",
          "last_update_date": "string",
          "last_update_login": "string",
          "last_updated_by": "string",
          "lookup_type_id": "number",
          "lookup_type_name": "string",
          "lookup_type_name_disp": "string",
          "lookup_type_name_disp_ar": "any",
          "lookup_type_name_disp_ars": "any",
          "lookup_type_name_disps": "string",
          "lookup_type_names": "string",
          "lookup_value_id": "number",
          "lookup_value_name": "string",
          "lookup_value_name_disp": "string",
          "lookup_value_name_disp_ar": "string"
        }
      ]
    },
    "getlookupResponse": {
      "items": [
        {
          "lookup_type_id": "number",
          "lookup_type_name": "string",
          "lookup_type_name_disp": "string",
          "lookup_type_name_disp_ar": "any",
          "lookup_type_name_disp_ars": "any",
          "lookup_type_name_disps": "string",
          "lookup_type_names": "string",
          "lookup_value_id": "number",
          "lookup_value_name": "string",
          "lookup_value_name_disp": "string",
          "lookup_value_name_disp_ar": "string"
        }
      ]
    },
    "getlookupResponse2": {
      "items": [
        {
          "creation_date": "string",
          "last_update_date": "string",
          "last_update_login": "string",
          "last_updated_by": "string",
          "lookup_type_id": "number",
          "lookup_type_name": "string",
          "lookup_type_name_disp": "string",
          "lookup_type_name_disp_ar": "any",
          "lookup_type_name_disp_ars": "any",
          "lookup_type_name_disps": "string",
          "lookup_type_names": "string",
          "lookup_value_id": "number",
          "lookup_value_name": "string",
          "lookup_value_name_disp": "string",
          "lookup_value_name_disp_ar": "string"
        }
      ]
    },
    "getpayslipBymonth": {
          "basic_salary": "string",
          "created_by": "string",
          "creation_date": "string",
          "deductions": "string",
          "earnings": "string",
          "employee_id": "any",
          "holiday_leave_pay": "string",
          "last_update_date": "string",
          "last_update_login": "string",
          "last_updated_by": "string",
          "month_id": "number",
          "mpf_employee_voluntary_contribution": "string",
          "netpay": "string",
          "payslip_hdr_id": "number"

    },
    "getPayslipByMonthIdResponse": {
      "items": [
        {
          "basic_salary": "string",
          "deductions": "string",
          "earnings": "string",
          "holiday_leave_pay": "string",
          "month_id": "number",
          "mpf_employee_voluntary_contribution": "string",
          "netpay": "string",
          "payslip_hdr_id": "number"
        }
      ]
    }

  },
  "eventListeners": {
    "buttonAction": {
      "chains": [
        {
          "chain": "onClickDownload"
        }
      ]
    },
    "ojGop1SpInFlowBack": {
      "chains": [
        {
          "chain": "GeneralOverviewPageTemplateSpInFlowBackChain1"
        }
      ]
    },
    "ojGop1SpInFlowBack2": {
      "chains": [
        {
          "chain": "GeneralOverviewPageTemplateSpInFlowBackChain"
        }
      ]
    },
    "selectValueItem": {
      "chains": [
        {
          "chain": "SelectValueItemChangeChain",
          "parameters": {
            "key": "{{$event.detail.value.key}}",
            "data": "{{$event.detail.value.data}}",
            "metadata": "{{$event.detail.value.metadata}}"
          }
        }
      ]
    },
    "vbEnter": {
      "chains": [
        {
          "chain": "loadGetPayslipByMonthIdChain",
          "parameters": {
            "pmonthId": "{{ $variables.selectedLookupId }}"
          }
        }
      ]
    }

  },
  "imports": {
    "components": {
      "oj-button": {
        "path": "ojs/ojbutton"
      },
      "oj-dcs-attachment-download": {
        "path": "oj-dcs/attachment-download/loader"
      },
      "oj-form-layout": {
        "path": "ojs/ojformlayout"
      },
      "oj-input-number": {
        "path": "ojs/ojinputnumber"
      },
      "oj-input-text": {
        "path": "ojs/ojinputtext"
      },
      "oj-label": {
        "path": "ojs/ojlabel"
      },
      "oj-odcs-attachment-download": {
        "path": "oj-odcs/attachment-download/loader"
      },
      "oj-select-single": {
        "path": "ojs/ojselectsingle"
      },
      "oj-sp-general-overview-page": {
        "path": "oj-sp/general-overview-page/loader"
      },
      "oj-sp-header-create-edit": {
        "path": "oj-sp/header-create-edit/loader"
      },
      "oj-sp-information-organizer": {
        "path": "oj-sp/information-organizer/loader"
      },
      "oj-sp-message-dialog-general": {
        "path": "oj-sp/message-dialog-general/loader"
      },
      "oj-sp-task-card": {
        "path": "oj-sp/task-card/loader"
      }

    },
    "modules": {
      "ojValidationNumber": {
        "path": "ojs/ojvalidation-number"
      }
   },
    "css": [
      "/resources/css/letter.css"
    ]
  },
  "@dt": {
    "chains": {
      "getlookupFetch": {
        "showInDiagram": "navigationOnly"
      }
    }
  }
}
