{
  "title": "",
  "description": "",
  "variables": {
    "attachmentObj": {
      "type": {
                      "document_name": "string",
                "REQ_CODE": "string",
        "REQ_HDR_ID": "number",
        "CREATED_BY": "string",
        "DESCRIPTION": "string",
        "DOCUMENT_CATEGORY": "string",
        "document_id": "string",
        "DOCUMENT_TYPE": "string",
        "p_document_file": "any"
        },
      "defaultValue": {
        "CREATED_BY": "API"
      }
},
    "avatar": {
      "type": {
        "initials": "string",
        "src": "string"
      },
      "defaultValue": {
        "initials": ""
      }
    },
    "contextualInfoLabelVisible": {
      "type": "boolean",
      "defaultValue": false
    },
    "contextualInfoSticky": {
      "type": "boolean",
      "defaultValue": false
    },
    "count": {
      "type": "string",
      "defaultValue": "1"
    },
    "dirtyDataFlag": {
      "type": "boolean",
      "defaultValue": false
    },
    "displayMode": {
      "type": "string"
    },
    "docCurrIndex": {
      "type": "number"
    },
    "FileArray": {
      "type": [
        {
          "ContentType": "string",
          "File": "any",
          "FileName": "string",
          "Size": "string"

        }
      ]
    },
    "FilesADP": {
      "type": "vb/ArrayDataProvider2",
      "defaultValue": {
        "itemType": "attachmentObj",
        "keyAttributes": "@index"
      }
    },
    "formState": {
      "type": "string",
      "defaultValue": ""
    },
    "getlookupListSDP": {
      "type": "vb/ServiceDataProvider",
      "defaultValue": {
        "endpoint": "RequestApplication/getlookup",
        "keyAttributes": "lookup_value_name",
        "itemsPath": "items",
        "responseType": "getlookupResponse",
        "uriParameters": {
          "lookuptypecode": "LEAVE_TYPE"
        },
        "transformsContext": {
          "vb-textFilterAttributes": [
            "lookup_value_name_disp"
          ]
        }
      }
    },
    "getlookupListSDP2": {
      "type": "vb/ServiceDataProvider",
      "defaultValue": {
        "endpoint": "RequestApplication/getlookup",
        "itemsPath": "items",
        "responseType": "getlookupResponse2",
        "uriParameters": {
          "lookuptypecode": "LEAVE_REASON"
        },
        "keyAttributes": "lookup_value_name",
        "transformsContext": {
          "vb-textFilterAttributes": [
            "lookup_type_name_disp"
          ]
        }
      }
    },
    "goToParentOption": {
      "type": "boolean",
      "defaultValue": false
    },
    "isSaved": {
      "type": "boolean",
      "defaultValue": false
    },
    "objectId": {
      "type": "string",
      "defaultValue": ""
    },
    "postLeaveRequest": {
      "type": "postLeaveRequest"
    },
    "primaryAlwaysOn": {
      "type": "boolean",
      "defaultValue": true
    },
    "req_hdr_id": {
      "type": "number"
    },
    "saveOption": {
      "type": "string",
      "defaultValue": "off"
    },
    "secondaryName": {
      "type": "string"
    }

  },
  "metadata": {},
  "types": {
    "@decorators.getlookupResponse": {
      "endpoint": "getlookup",
      "service": "RequestApplication",
      "path": "response"
    },
    "@decorators.getlookupResponse2": {
      "endpoint": "getlookup",
      "service": "RequestApplication",
      "path": "response"
    },
    "attachmentObj": {
      "document_name": "string",
      "document_type": "string",
      "p_document_file": "any"
    },
    "FileData": {
      "ContentType": "string",
      "document_name": "string",
      "File": "any",
      "FileName": "string",
      "Size": "string"

    },
    "getlookupResponse": {
      "items": [
        {
          "lookup_type_id": "number",
          "lookup_type_name": "string",
          "lookup_type_name_disp": "string",
          "lookup_type_name_disp_ar": "any",
          "lookup_type_name_disp_ars": "any",
          "lookup_type_name_disps": "string",
          "lookup_type_names": "string",
          "lookup_value_id": "number",
          "lookup_value_name": "string",
          "lookup_value_name_disp": "string",
          "lookup_value_name_disp_ar": "string"
        }
      ]
    },
    "getlookupResponse2": {
      "items": [
        {
          "lookup_type_id": "number",
          "lookup_type_name": "string",
          "lookup_type_name_disp": "string",
          "lookup_type_name_disp_ar": "any",
          "lookup_type_name_disp_ars": "any",
          "lookup_type_name_disps": "string",
          "lookup_type_names": "string",
          "lookup_value_id": "number",
          "lookup_value_name": "string",
          "lookup_value_name_disp": "string",
          "lookup_value_name_disp_ar": "string"
        }
      ]
    },
    "postLeaveRequest": {
      "comments": "string",
      "from_date": "string",
      "leave_hdr_id": "number",
      "leave_reason": "string",
      "leave_type": "string",
      "to_date": "string"
    }

  },
  "eventListeners": {
    "buttonAction": {
      "chains": [
        {
          "chain": "ButtonActionChain"
        }
      ]
    },
    "buttonAction2": {
      "chains": [
        {
          "chain": "ButtonActionChain"
        }
      ]
    },
    "buttonClick": {
      "chains": [
        {
          "chain": "addFilesButton"
        }
      ]
    },
    "confirmNoOjAction": {
      "chains": [
        {
          "chainId": "dialogResponseChain",
          "parameters": {
            "detail": "{{ $event.detail }}",
            "response": "NO"
          }
        }
      ]
    },
    "confirmYesOjAction": {
      "chains": [
        {
          "chainId": "dialogResponseChain",
          "parameters": {
            "detail": "{{ $event.detail }}",
            "response": "YES"
          }
        }
      ]
    },
    "dialog1SpPrimaryAction": {
      "chains": [
        {
          "chain": "MessageDialogGeneralSpPrimaryActionChain"
        }
      ]
    },
    "fp1Select": {
      "chains": [
        {
          "chainId": "FilePickerSelectChain",
          "parameters": {
            "files": "[[ Array.prototype.slice.call($event.detail.files) ]]"
          }

        }
      ]
    },
    "highlightClick": {
      "chains": [
        {
          "chain": "downloadFileActionChain"
        }
      ]
    },
    "ojdynamicFormTransientValueChangeChain": {
      "chains": [
        {
          "chainId": "dynamicFormTransientValueChangeChain",
          "parameters": {
            "detail": "{{ $event.detail}}"
          }
        }
      ]
    },
    "ojSpCancel": {
      "chains": [
        {
          "chainId": "spCancelChain",
          "parameters": {
            "detail": "{{ $event.detail }}"
          }
        }
      ]
    },
    "ojSpGoToParent": {
      "chains": [
        {
          "chainId": "goToParent",
          "parameters": {}
        }
      ]
    },
    "ojSpSave": {
      "chains": [
        {
          "chainId": "spSaveChain"
        }
      ]
    },
    "ojSpSubmit": {
      "chains": [
        {
          "chainId": "spSubmitChain",
          "parameters": {
            "detail": "{{ $event.detail }}"
          }
        }
      ]
    },
    "vbBeforeExit": {
      "chains": [
        {
          "chainId": "checkBeforeExit",
          "parameters": {}
        }
      ]
    }

  },
  "imports": {
    "components": {
      "oj-button": {
        "path": "ojs/ojbutton"
      },
      "oj-dcs-attachment-download": {
        "path": "oj-dcs/attachment-download/loader"
      },
      "oj-dynamic-form": {
        "path": "oj-dynamic/form/loader"
      },
      "oj-file-picker": {
        "path": "ojs/ojfilepicker"
      },
      "oj-form-layout": {
        "path": "ojs/ojformlayout"
      },
      "oj-highlight-text": {
        "path": "ojs/ojhighlighttext"
      },
      "oj-input-date": {
        "path": "ojs/ojdatetimepicker"
      },
      "oj-input-text": {
        "path": "ojs/ojinputtext"
      },
      "oj-select-single": {
        "path": "ojs/ojselectsingle"
      },
      "oj-sp-attachments-2": {
        "path": "oj-sp/attachments-2/loader"
      },
      "oj-sp-attachments-simple": {
        "path": "oj-sp/attachments-simple/loader"
      },
      "oj-sp-message-dialog-general": {
        "path": "oj-sp/message-dialog-general/loader"
      },
      "oj-sp-message-unsaved-changes": {
        "path": "oj-sp/message-unsaved-changes/loader"
      },
      "oj-sp-simple-create-edit": {
        "path": "oj-sp/simple-create-edit/loader"
      },
      "oj-table": {
        "path": "ojs/ojtable"
      },
      "oj-text-area": {
        "path": "ojs/ojinputtext"
      },
      "oj-validation-group": {
        "path": "ojs/ojvalidationgroup"
      }

    },
    "css": [
      "/resources/css/app.css"
    ]
  },
  "events": {
    "message": {
      "behavior": "notify"
    }
  }
}
