{
    "items": [
        {
            "lookup_value_id": 101,
            "lookup_type_id": 1,
            "lookup_value_name": "SICK_LEAVE",
            "lookup_value_name_disp": "Sick Leave",
            "lookup_value_name_disp_ar": "Sick Leave",
            "child_lookup_type_id": null,
            "lookup_type_name": "LEAVE_TYPE",
            "lookup_type_name_disp": "Leave Type",
            "lookup_type_name_disp_ar": null,
            "lookup_type_names": "LEAVE_TYPE",
            "lookup_type_name_disps": "Leave Type",
            "lookup_type_name_disp_ars": null,
            "created_by": "test",
            "creation_date": "2024-03-21T11:12:16.340Z",
            "last_updated_by": "test",
            "last_update_date": "2024-03-21T11:12:23.547Z",
            "last_update_login": "test"
        },
        {
            "lookup_value_id": 102,
            "lookup_type_id": 1,
            "lookup_value_name": "CASUAL_LEAVE",
            "lookup_value_name_disp": "Casual Leave",
            "lookup_value_name_disp_ar": "Casual Leave",
            "child_lookup_type_id": null,
            "lookup_type_name": "LEAVE_TYPE",
            "lookup_type_name_disp": "Leave Type",
            "lookup_type_name_disp_ar": null,
            "lookup_type_names": "LEAVE_TYPE",
            "lookup_type_name_disps": "Leave Type",
            "lookup_type_name_disp_ars": null,
            "created_by": "test",
            "creation_date": "2024-03-21T11:12:16.340Z",
            "last_updated_by": "test",
            "last_update_date": "2024-03-21T11:12:23.547Z",
            "last_update_login": "test"
        },
        {
            "lookup_value_id": 103,
            "lookup_type_id": 1,
            "lookup_value_name": "PRIVILEGED",
            "lookup_value_name_disp": "Privileged",
            "lookup_value_name_disp_ar": "Privileged",
            "child_lookup_type_id": null,
            "lookup_type_name": "LEAVE_TYPE",
            "lookup_type_name_disp": "Leave Type",
            "lookup_type_name_disp_ar": null,
            "lookup_type_names": "LEAVE_TYPE",
            "lookup_type_name_disps": "Leave Type",
            "lookup_type_name_disp_ars": null,
            "created_by": "test",
            "creation_date": "2024-03-21T11:12:16.340Z",
            "last_updated_by": "test",
            "last_update_date": "2024-03-21T11:12:23.547Z",
            "last_update_login": "test"
        }
    ],
    "hasMore": false,
    "limit": 0,
    "offset": 0,
    "count": 3,
    "links": [
        {
            "rel": "self",
            "href": "http://4idemo.4iapps.com/ords/haya/requestapplicaton/findby/lookup/LEAVE_TYPE"
        },
        {
            "rel": "describedby",
            "href": "http://4idemo.4iapps.com/ords/haya/metadata-catalog/requestapplicaton/findby/lookup/item"
        }
    ]
}