{
  "title": "",
  "description": "",
  "variables": {
    "avatar": {
      "type": {
        "initials": "string",
        "src": "string"
      },
      "defaultValue": {
        "initials": "",
        "src": ""
      }
    },
    "contextualInfoLabelVisible": {
      "type": "boolean",
      "defaultValue": false
    },
    "contextualInfoSticky": {
      "type": "boolean",
      "defaultValue": false
    },
    "dirtyDataFlag": {
      "type": "boolean",
      "defaultValue": false
    },
    "displayMode": {
      "type": "string"
    },
    "formState": {
      "type": "string",
      "defaultValue": ""
    },
    "getlookupListSDP": {
      "type": "vb/ServiceDataProvider",
      "defaultValue": {
        "endpoint": "RequestApplication/getlookup",
        "keyAttributes": "lookup_value_name_disp",
        "itemsPath": "items",
        "responseType": "getlookupResponse",
        "uriParameters": {
          "lookuptypecode": "TRAVEL_TYPE"
        },
        "transformsContext": {
          "vb-textFilterAttributes": [
            "lookup_value_name"
          ]
        }
      }
    },
    "getlookupListSDP2": {
      "type": "vb/ServiceDataProvider",
      "defaultValue": {
        "endpoint": "RequestApplication/getlookup",
        "keyAttributes": "lookup_value_name_disp",
        "itemsPath": "items",
        "responseType": "getlookupResponse2",
        "uriParameters": {
          "lookuptypecode": "TRAVEL_ARRANGEMENT_TYPE"
        },
        "transformsContext": {
          "vb-textFilterAttributes": [
            "lookup_value_name"
          ]
        }
      }
    },
    "goToParentOption": {
      "type": "boolean",
      "defaultValue": false
    },
    "isSaved": {
      "type": "boolean",
      "defaultValue": false
    },
    "objectId": {
      "type": "string",
      "defaultValue": ""
    },
    "postTravelObj": {
      "type": "postTravelrequest"
    },
    "primaryAlwaysOn": {
      "type": "boolean",
      "defaultValue": true
    },
    "saveOption": {
      "type": "string",
      "defaultValue": "off"
    }

  },
  "metadata": {},
  "types": {
    "@decorators.getlookupResponse": {
      "endpoint": "getlookup",
      "service": "RequestApplication",
      "path": "response"
    },
    "@decorators.getlookupResponse2": {
      "endpoint": "getlookup",
      "service": "RequestApplication",
      "path": "response"
    },
    "@decorators.postTravelrequest": {
      "endpoint": "postTravelrequest",
      "service": "RequestApplication",
      "path": "request"
    },
    "getlookupResponse": {
      "items": [
        {
          "creation_date": "string",
          "last_update_date": "string",
          "last_update_login": "string",
          "last_updated_by": "string",
          "lookup_type_id": "number",
          "lookup_type_name": "string",
          "lookup_type_name_disp": "string",
          "lookup_type_name_disp_ar": "any",
          "lookup_type_name_disp_ars": "any",
          "lookup_type_name_disps": "string",
          "lookup_type_names": "string",
          "lookup_value_id": "number",
          "lookup_value_name": "string",
          "lookup_value_name_disp": "string",
          "lookup_value_name_disp_ar": "string"
        }
      ]
    },
    "getlookupResponse2": {
      "items": [
        {
          "creation_date": "string",
          "last_update_date": "string",
          "last_update_login": "string",
          "last_updated_by": "string",
          "lookup_type_id": "number",
          "lookup_type_name": "string",
          "lookup_type_name_disp": "string",
          "lookup_type_name_disp_ar": "any",
          "lookup_type_name_disp_ars": "any",
          "lookup_type_name_disps": "string",
          "lookup_type_names": "string",
          "lookup_value_id": "number",
          "lookup_value_name": "string",
          "lookup_value_name_disp": "string",
          "lookup_value_name_disp_ar": "string"
        }
      ]
    },
    "postTravelrequest": {
      "accommodation_arrangements": "string",
      "city_of_destination": "string",
      "companion_status": "string",
      "departure_preference": "string",
      "efrom_date": "string",
      "eto_date": "string",
      "event_location": "string",
      "fcomments": "string",
      "flight_preference": "string",
      "from_date": "string",
      "nearest_airport_for_destination": "string",
      "project": "string",
      "to_date": "string",
      "travel_arrangement_type": "string",
      "travel_hdr_id": "number",
      "travel_type": "string",
      "vendor_name": "string"
    }
  },
  "eventListeners": {
    "confirmNoOjAction": {
      "chains": [
        {
          "chainId": "dialogResponseChain",
          "parameters": {
            "detail": "{{ $event.detail }}",
            "response": "NO"
          }
        }
      ]
    },
    "confirmYesOjAction": {
      "chains": [
        {
          "chainId": "dialogResponseChain",
          "parameters": {
            "detail": "{{ $event.detail }}",
            "response": "YES"
          }
        }
      ]
    },
    "ojdynamicFormTransientValueChangeChain": {
      "chains": [
        {
          "chainId": "dynamicFormTransientValueChangeChain",
          "parameters": {
            "detail": "{{ $event.detail}}"
          }
        }
      ]
    },
    "ojSpCancel": {
      "chains": [
        {
          "chainId": "spCancelChain",
          "parameters": {
            "detail": "{{ $event.detail }}"
          }
        }
      ]
    },
    "ojSpGoToParent": {
      "chains": [
        {
          "chainId": "goToParent",
          "parameters": {}
        }
      ]
    },
    "ojSpSave": {
      "chains": [
        {
          "chainId": "spSaveChain"
        }
      ]
    },
    "ojSpSubmit": {
      "chains": [
        {
          "chainId": "spSubmitChain",
          "parameters": {
            "detail": "{{ $event.detail }}"
          }
        }
      ]
    },
    "vbBeforeExit": {
      "chains": [
        {
          "chainId": "checkBeforeExit",
          "parameters": {}
        }
      ]
    }
  },
  "imports": {
    "components": {
      "oj-button": {
        "path": "ojs/ojbutton"
      },
      "oj-dynamic-form": {
        "path": "oj-dynamic/form/loader"
      },
      "oj-file-picker": {
        "path": "ojs/ojfilepicker"
      },
      "oj-form-layout": {
        "path": "ojs/ojformlayout"
      },
      "oj-input-date": {
        "path": "ojs/ojdatetimepicker"
      },
      "oj-input-text": {
        "path": "ojs/ojinputtext"
      },
      "oj-select-single": {
        "path": "ojs/ojselectsingle"
      },
      "oj-sp-message-dialog-general": {
        "path": "oj-sp/message-dialog-general/loader"
      },
      "oj-sp-message-unsaved-changes": {
        "path": "oj-sp/message-unsaved-changes/loader"
      },
      "oj-sp-simple-create-edit": {
        "path": "oj-sp/simple-create-edit/loader"
      },
      "oj-text-area": {
        "path": "ojs/ojinputtext"
      }

    }
  }
}
