{
  "root": "assignVariablesAttachmentObj2",
  "description": "",
  "actions": {
    "assignVariablesAttachmentObj": {
      "module": "vb/action/builtin/assignVariablesAction",
      "parameters": {
        "$page.variables.attachmentObj": {
          "source": {
              "DOCUMENT TYPE": "{{ $variables.files[0].type }}",
              "Document name": "{{ $variables.files[0].name }}",
              "content type": "{{ $variables.files[0] }}",
              "document_name": "{{ $variables.files[0].name }}",
              "DOCUMENT_TYPE": "{{ $variables.files[0].type }}",
              "p_document_file": "{{ $variables.files[0] }}"
            },
          "reset": "none",
          "auto": "always"
        }
      }
    },
    "assignVariablesAttachmentObj2": {
      "module": "vb/action/builtin/assignVariablesAction",
      "parameters": {
        "$page.variables.attachmentObj": {
          "reset": "toDefault"
        }
      },
      "outcomes": {
        "success": "assignVariablesAttachmentObj"
      }
    }
  },
  "variables": {
    "files": {
      "type": "object[]",
      "required": true,
      "input": "fromCaller"
    }
  }
}