{
  "root": "callRestPostRequestapplicatonLeaverequest",
  "description": "",
  "actions": {
    "fireNotification": {
      "module": "vb/action/builtin/fireNotificationEventAction",
      "parameters": {
        "target": "leaf",
        "summary": "[[ $chain.results.callRestPostRequestapplicatonLeaverequest.message.summary ]]",
        "type": "error",
        "displayMode": "persist"
      }
    },
    "callRestPostRequestapplicatonLeaverequest": {
      "module": "vb/action/builtin/restAction",
      "parameters": {
        "endpoint": "RequestApplication/postRequestapplicatonLeaverequest",
        "uriParams": {
          "P_METHOD": "POST",
          "P_PRIMARYKEY": "0"
        },
        "body": "{{ $page.variables.postLeaveRequest }}"
      },
      "outcomes": {
        "success": "assignVariablesReqHdrId",
        "failure": "fireNotification"
      }
    },
    "fireNotification3": {
      "module": "vb/action/builtin/fireNotificationEventAction",
      "parameters": {
        "target": "leaf",
        "summary": "[[ $chain.results.callRestPostRequestapplicatonLeaverequest.body.p_err_msg ]]",
        "displayMode": "transient",
        "type": "confirmation"
      }
    },
    "assignVariablesReqHdrId": {
      "module": "vb/action/builtin/assignVariablesAction",
      "parameters": {
        "$page.variables.req_hdr_id": {
          "source": "{{ $chain.results.callRestPostRequestapplicatonLeaverequest.body.p_primarykey }}"
        }
      },
      "outcomes": {
        "success": "fireNotification3"
      }
    }
  }
}