{
  "description": "Submit form data",
  "variables": {},
  "root": "saveDataChain",
  "actions": {

    "saveDataChain": {
      "module": "vb/action/builtin/callChainAction",
      "parameters": {
        "id": "postLeaveRequest"
      },
      "outcomes": {
        "success": "assignVariablesAttachmentObj"
      }
    },
    "resetDirtyDataFlag": {
      "module": "vb/action/builtin/resetVariablesAction",
      "parameters": {
        "variables": [
          "$page.variables.dirtyDataFlag"
        ]
      },
      "outcomes": {
        "success": "setVariableIsSaved"
      }
    },
    "setVariableIsSaved": {
      "module": "vb/action/builtin/assignVariablesAction",
      "parameters": {
        "$page.variables.isSaved": {
          "source": true,
          "auto": "always"
        }
      }
    },
    "assignVariablesAttachmentObj": {
      "module": "vb/action/builtin/assignVariablesAction",
      "parameters": {
        "$page.variables.attachmentObj": {
          "source": {
              "REQ HDR ID": "{{ $page.variables.req_hdr_id }}",
              "REQ CODE": "LEAVE",
              "DOCUMENT CATEGORY": "TEST",
              "CREATED BY": "API",
              "REQ_HDR_ID": "{{ $page.variables.req_hdr_id }}",
              "REQ_CODE": "LEAVE",
              "DOCUMENT_CATEGORY": "TEST",
              "CREATED_BY": "API"
            },
          "reset": "none",
          "auto": "always"
        }
      },
      "outcomes": {
        "success": "callRestPostRequestapplicatonAttachment"
      }
    },
    "fireNotification": {
      "module": "vb/action/builtin/fireNotificationEventAction",
      "parameters": {
        "target": "leaf",
        "summary": "[[ $chain.results.callRestPostRequestapplicatonAttachment.message.summary ]]",
        "type": "error",
        "displayMode": "persist"
      },
      "outcomes": {
        "success": "resetDirtyDataFlag"
      }
    },
    "callRestPostRequestapplicatonAttachment": {
      "module": "vb/action/builtin/restAction",
      "parameters": {
        "endpoint": "RequestApplication/postRequestapplicatonAttachment",
        "uriParams": {

          "P_DESCRIPTION": "{{ $page.variables.attachmentObj.DESCRIPTION }}",
          "P_DOCUMENT_CATEGORY": "{{ $page.variables.attachmentObj.DOCUMENT_CATEGORY }}",
          "P_DOCUMENT_NAME": "{{ $page.variables.attachmentObj.document_name }}",
          "P_DOCUMENT_TYPE": "{{ $page.variables.attachmentObj.DOCUMENT_TYPE }}",
          "P_REQ_CODE": "{{ $page.variables.attachmentObj.REQ_CODE }}",
          "P_REQ_HDR_ID": "{{ $page.variables.attachmentObj.REQ_HDR_ID }}",
          "P_CREATED_BY": "{{ $page.variables.attachmentObj.CREATED_BY }}"
        },
        "body": "{{ $page.variables.attachmentObj.p_document_file }}"
      },
      "outcomes": {
        "success": "resetVariablesAttachmentObj",
        "failure": "fireNotification"
      }
    },
    "resetVariablesAttachmentObj": {
      "module": "vb/action/builtin/resetVariablesAction",
      "parameters": {
        "variables": [
          "$page.variables.attachmentObj",
          "$page.variables.attachmentObj.document_name",
          "$page.variables.attachmentObj.DOCUMENT_TYPE",
          "$page.variables.attachmentObj.DESCRIPTION",
          "$page.variables.attachmentObj.DOCUMENT_CATEGORY"
        ]
      },
      "outcomes": {
        "success": "resetDirtyDataFlag"
      }
    }
  }
}