{
    "openapi": "3.0.0",
    "info": {
        "title": "Xmlpserver Services",
        "version": "1.0.0"
    },
    "servers": [
        {
            "url": "vb-catalog://backends/BIReport"
        }
    ],
    "paths": {
        "/ExternalReportWSSService": {
            "post": {
                "operationId": "getExternalReportWSSServiceCountry",
                "requestBody": {
                    "content": {
                        "application/soap+xml;charset=UTF-8": {
                            "schema": {
                                "$ref": "#/components/schemas/PostExternalReportWSSServiceRequest"
                            },
                            "examples": {
                                "vb": {
                                    "summary": "Example stored by VB User",
                                    "externalValue": "./examples/getExternalReportWSSServiceCountry/request_application_soap+xml_charset_UTF-8_vb.json"
                                }
                            }
                        }
                    }
                },
                "responses": {},
                "x-vb": {
                    "actionHint": "getMany",
                    "headers": {
                        "Content-Type": "application/soap+xml;charset=UTF-8"
                    }
                }
            }
        }
    },
    "components": {
        "schemas": {
            "PostExternalReportWSSServiceRequest": {
                "type": "object",
                "properties": {
                    "xmlns:soap": {
                        "type": "string"
                    },
                    "xmlns:pub": {
                        "type": "string"
                    },
                    "Header": {
                        "type": "object"
                    },
                    "Body": {
                        "type": "object",
                        "properties": {
                            "runReport": {
                                "type": "object",
                                "properties": {
                                    "reportRequest": {
                                        "type": "object",
                                        "properties": {
                                            "attributeFormat": {
                                                "type": "string"
                                            },
                                            "parameterNameValues": {
                                                "type": "object",
                                                "properties": {
                                                    "item": {
                                                        "type": "object",
                                                        "properties": {
                                                            "name": {
                                                                "type": "string"
                                                            },
                                                            "values": {
                                                                "type": "object",
                                                                "properties": {
                                                                    "item": {
                                                                        "type": "object"
                                                                    }
                                                                }
                                                            }
                                                        }
                                                    }
                                                }
                                            },
                                            "reportAbsolutePath": {
                                                "type": "string"
                                            },
                                            "sizeOfDataChunkDownload": {
                                                "type": "integer"
                                            }
                                        }
                                    }
                                }
                            }
                        }
                    }
                }
            }
        }
    }
}