{
  "title": "Approvals Detail",
  "description": "Displays Approvals record",
  "variables": {
    "approvals": {
      "type": "getApprovalsResponse"
    },
    "approvalsId": {
      "type": "string",
      "required": true,
      "input": "fromUrl"
    },
    "group": {
      "type": "string",
      "input": "fromUrl"
    }
  },
  "metadata": {},
  "types": {
    "@decorators.getApprovalsResponse": {
      "endpoint": "get_Approvals",
      "service": "businessObjects",
      "path": "response"
    },
    "getApprovalsResponse": {
      "comments": "string",
      "fromDate": "string",
      "group1": "string",
      "id": "number",
      "paymentTerms": "string",
      "purchasingGroup": "string",
      "purchasingOrganization": "string",
      "title": "string",
      "toDate": "string",
      "type1": "string"

    }
  },
  "eventListeners": {
    "backButtonClicked": {
      "chains": [
        {
          "chain": "goBackChain"
        }
      ]
    },
    "buttonAction": {
      "chains": [
        {
          "chain": "onCliclApprove"
        }
      ]
    },
    "ojGop1SpInFlowBack": {
      "chains": [
        {
          "chain": "GeneralOverviewPageTemplateSpInFlowBackChain"
        }
      ]
    },
    "vbEnter": {
      "chains": [
        {
          "chain": "loadApprovalsChain"
        }
      ]
    }

  },
  "imports": {
    "components": {
      "oj-button": {
        "path": "ojs/ojbutton"
      },
      "oj-form-layout": {
        "path": "ojs/ojformlayout"
      },
      "oj-input-date": {
        "path": "ojs/ojdatetimepicker"
      },
      "oj-input-text": {
        "path": "ojs/ojinputtext"
      },
      "oj-label": {
        "path": "ojs/ojlabel"
      },
      "oj-sp-card": {
        "path": "oj-sp/card/loader"
      },
      "oj-sp-general-overview-page": {
        "path": "oj-sp/general-overview-page/loader"
      },
      "oj-sp-message-dialog-general": {
        "path": "oj-sp/message-dialog-general/loader"
      },
      "oj-text-area": {
        "path": "ojs/ojinputtext"
      },
      "oj-toolbar": {
        "path": "ojs/ojtoolbar"
      }

    },
    "modules": {
      "ojValidationDateTime": {
        "path": "ojs/ojvalidation-datetime"
      }
    }
  }
}
