{
  "title": "",
  "description": "",
  "variables": {
    "getRequestapplicatonApprovalslistListSDP": {
      "type": "vb/ServiceDataProvider",
      "defaultValue": {
        "endpoint": "RequestApplication/getRequestapplicatonApprovalslist",
        "keyAttributes": "approvals_hdr_id",
        "itemsPath": "items",
        "responseType": "getRequestapplicatonApprovalslistResponse"
      }
    },
    "ipd1SelectedId": {
      "type": "string",
      "defaultValue": ""
    }
  },
  "metadata": {},
  "types": {
    "@decorators.getRequestapplicatonApprovalslistResponse": {
      "endpoint": "getRequestapplicatonApprovalslist",
      "service": "RequestApplication",
      "path": "response"
    },
    "getRequestapplicatonApprovalslistResponse": {
      "items": [
        {
          "approvals_hdr_id": "number",
          "comments": "string",
          "company_code": "any",
          "document_type": "any",
          "from_date": "string",
          "group": "string",
          "payment_terms": "string",
          "purchasing_group": "string",
          "purchasing_organization": "string",
          "tdate": "any",
          "title": "string",
          "to_date": "string",
          "type": "string"
        }
      ]
    }
  },
  "eventListeners": {
    "getApprovalsbyidDetailButtonClicked": {
      "chains": [
        {
          "chain": "navigateToGetApprovalsbyidDetailChain",
          "parameters": {
            "getApprovalsbyidId": "[[ $variables.ipd1SelectedId ]]"
          }
        }
      ]
    },
    "ipd1SelectionChanged": {
      "chains": [
        {
          "chain": "ipd1ChangeSelectionChain",
          "parameters": {
            "getApprovalsbyidId": "[[ $event.detail.value.key || '' ]]"
          }
        }
      ]
    },
    "listItemClick": {
      "chains": [
        {
          "chain": "navigateToGetApprovalsbyidDetailChain",
          "parameters": {
            "getApprovalsbyidId": "[[ $current.data.approvals_hdr_id ]]",
            "group": "[[ $current.data.group ]]"
          }
        }
      ]
    }

  },
  "imports": {
    "components": {
      "oj-button": {
        "path": "ojs/ojbutton"
      },
      "oj-input-date": {
        "path": "ojs/ojdatetimepicker"
      },
      "oj-list-item-layout": {
        "path": "ojs/ojlistitemlayout"
      },
      "oj-list-view": {
        "path": "ojs/ojlistview"
      },
      "oj-sp-general-overview-page": {
        "path": "oj-sp/general-overview-page/loader"
      },
      "oj-toolbar": {
        "path": "ojs/ojtoolbar"
      }
    },
    "modules": {
      "ojValidationDateTime": {
        "path": "ojs/ojvalidation-datetime"
      }
    },
    "css": [
      "/resources/css/app.css"
    ]
  }
}
