{
  "title": "Approval Details",
  "description": "Displays getApprovalsbyid record",
  "variables": {
    "getApprovalsbyid": {
      "type": "getApprovalsbyidResponse"
    },
    "getApprovalsbyidId": {
      "type": "string",
      "required": true,
      "input": "fromUrl"
    },
    "group": {
      "type": "string",
      "input": "fromUrl"
    }
  },
  "metadata": {},
  "types": {
    "@decorators.getApprovalsbyidResponse": {
      "endpoint": "getApprovalsbyid",
      "service": "RequestApplication",
      "path": "request"
    },
    "getApprovalsbyidResponse": {
      "items": [
        {
          "approvals_hdr_id": "number",
          "comments": "any",
          "company_code": "any",
          "created_by": "any",
          "creation_date": "any",
          "document_type": "any",
          "from_date": "string",
          "group": "any",
          "last_update_date": "any",
          "last_update_login": "any",
          "last_updated_by": "any",
          "payment_terms": "any",
          "purchasing_group": "any",
          "purchasing_organization": "any",
          "tdate": "any",
          "title": "string",
          "to_date": "any",
          "type": "any"
        }
      ]
    }
  },
  "eventListeners": {
    "backButtonClicked": {
      "chains": [
        {
          "chain": "goBackChain"
        }
      ]
    },
    "buttonAction": {
      "chains": [
        {
          "chain": "onClickApprove"
        }
      ]
    },
    "ojGop1SpInFlowBack": {
      "chains": [
        {
          "chain": "GeneralOverviewPageTemplateSpInFlowBackChain"
        }
      ]
    },
    "vbEnter": {
      "chains": [
        {
          "chain": "loadGetApprovalsbyidChain"
        }
      ]
    }

  },
  "imports": {
    "components": {
      "oj-button": {
        "path": "ojs/ojbutton"
      },
      "oj-form-layout": {
        "path": "ojs/ojformlayout"
      },
      "oj-input-date": {
        "path": "ojs/ojdatetimepicker"
      },
      "oj-input-number": {
        "path": "ojs/ojinputnumber"
      },
      "oj-input-text": {
        "path": "ojs/ojinputtext"
      },
      "oj-label": {
        "path": "ojs/ojlabel"
      },
      "oj-sp-general-overview-page": {
        "path": "oj-sp/general-overview-page/loader"
      },
      "oj-sp-message-dialog-general": {
        "path": "oj-sp/message-dialog-general/loader"
      },
      "oj-text-area": {
        "path": "ojs/ojinputtext"
      },
      "oj-toolbar": {
        "path": "ojs/ojtoolbar"
      }
    },
    "modules": {
      "ojValidationDateTime": {
        "path": "ojs/ojvalidation-datetime"
      }
    }
  }
}
