{
  "title": "",
  "description": "",
  "variables": {
    "approvalsList": {
      "type": "getallApprovalsResponse4"
    },
    "approvalsListSDP": {
      "type": "vb/ServiceDataProvider",
      "defaultValue": {
        "endpoint": "businessObjects/getall_Approvals",
        "keyAttributes": "id",
        "itemsPath": "items",
        "responseType": "getallApprovalsResponse"
      }
    },
    "approvalsListSDP2": {
      "type": "vb/ServiceDataProvider",
      "defaultValue": {
        "endpoint": "businessObjects/getall_Approvals",
        "keyAttributes": "id",
        "itemsPath": "items",
        "responseType": "getallApprovalsResponse2"
      }
    },
    "approvalsListSDP4": {
      "type": "vb/ServiceDataProvider",
      "defaultValue": {
        "endpoint": "businessObjects/getall_Approvals",
        "keyAttributes": "id",
        "itemsPath": "items",
        "responseType": "getallApprovalsResponse4"
      }
    },
    "group": {
      "type": "string"
    },
    "oj_list_view_617773559_1SelectedId": {
      "type": "string",
      "defaultValue": ""
    },
    "pOApprovalsListSDP": {
      "type": "vb/ServiceDataProvider",
      "defaultValue": {
        "endpoint": "businessObjects/getall_POApprovals",
        "keyAttributes": "id",
        "itemsPath": "items",
        "responseType": "getallPOApprovalsResponse"
      }
    }

  },
  "metadata": {},
  "types": {
    "@decorators.getallApprovalsResponse": {
      "endpoint": "getall_Approvals",
      "service": "businessObjects",
      "path": "response"
    },
    "@decorators.getallApprovalsResponse2": {
      "endpoint": "getall_Approvals",
      "service": "businessObjects",
      "path": "response"
    },
    "@decorators.getallApprovalsResponse3": {
      "endpoint": "getall_Approvals",
      "service": "businessObjects",
      "path": "response"
    },
    "@decorators.getallApprovalsResponse4": {
      "endpoint": "getall_Approvals",
      "service": "businessObjects",
      "path": "response"
    },
    "@decorators.getallPOApprovalsResponse": {
      "endpoint": "getall_POApprovals",
      "service": "businessObjects",
      "path": "response"
    },
    "getallApprovalsResponse": {
      "items": [
        {
          "comments": "string",
          "fromDate": "string",
          "id": "number",
          "title": "string",
          "toDate": "string",
          "type1": "string"
        }
      ]
    },
    "getallApprovalsResponse2": {
      "items": [
        {
          "comments": "string",
          "fromDate": "string",
          "id": "number",
          "title": "string",
          "toDate": "string",
          "type1": "string"
        }
      ]
    },
    "getallApprovalsResponse3": {
      "items": [
        {
          "comments": "string",
          "fromDate": "string",
          "id": "number",
          "title": "string",
          "toDate": "string",
          "type1": "string"
        }
      ]
    },
    "getallApprovalsResponse4": {
      "items": [
        {
          "fromDate": "string",
          "group1": "string",
          "id": "number",
          "paymentTerms": "string",
          "purchasingGroup": "string",
          "purchasingOrganization": "string",
          "title": "string",
          "toDate": "string",
          "type1": "string"
        }
      ]
    },
    "getallPOApprovalsResponse": {
      "items": [
        {
          "companyCode": "string",
          "date1": "string",
          "documentType": "string",
          "id": "number",
          "paymentTerms": "string",
          "purchasingGroup": "string",
          "purchasingOrganization": "string",
          "title": "string"
        }
      ]
    }

  },
  "eventListeners": {
    "approvalsDetailButtonClicked": {
      "chains": [
        {
          "chain": "navigateToApprovalsDetailChain",
          "parameters": {
            "approvalsId": "[[ $variables.oj_list_view_617773559_1SelectedId ]]"
          }
        }
      ]
    },
    "listItemClick": {
      "chains": [
        {
          "chain": "navigateToApprovalsDetailChain",
          "parameters": {
            "approvalsId": "[[ $current.data.id ]]"
          }
        }
      ]
    },
    "listItemClick2": {
      "chains": [
        {
          "chain": "navigateToApprovalsDetailChain",
          "parameters": {
            "approvalsId": "[[ $current.data.id ]]",
            "group": "[[ $current.data.group1 ]]"
          }
        }
      ]
    },
    "ojGop1SpInFlowBack": {
      "chains": [
        {
          "chain": "GeneralOverviewPageTemplateSpInFlowBackChain"
        }
      ]
    },
    "ojListView6177735591Selection2": {
      "chains": [
        {
          "chain": "ojListView6177735591ChangeSelectionChain",
          "parameters": {
            "approvalsId": "[[ $event.detail.value.key || '' ]]"
          }
        }
      ]
    }

  },
  "imports": {
    "components": {
      "oj-button": {
        "path": "ojs/ojbutton"
      },
      "oj-form-layout": {
        "path": "ojs/ojformlayout"
      },
      "oj-input-date": {
        "path": "ojs/ojdatetimepicker"
      },
      "oj-list-item-layout": {
        "path": "ojs/ojlistitemlayout"
      },
      "oj-list-view": {
        "path": "ojs/ojlistview"
      },
      "oj-sp-general-overview-page": {
        "path": "oj-sp/general-overview-page/loader"
      },
      "oj-sp-list-section": {
        "path": "oj-sp/list-section/loader"
      },
      "oj-toolbar": {
        "path": "ojs/ojtoolbar"
      }

    },
    "modules": {
      "ojValidationDateTime": {
        "path": "ojs/ojvalidation-datetime"
      }
    }
  }
}
