{
  "title": "main",
  "description": "",
  "variables": {
    "biReportADP": {
      "type": "vb/ArrayDataProvider2",
      "defaultValue": {
        "itemType": "customeBIReport",
        "keyAttributes": "lookupcode"
      }
    },
    "p_code": {
      "type": "string"
    }
  },
  "metadata": {},
  "types": {
    "customeBIReport": {
      "lookupcode": "string",
      "lookupname": "string"
    }
  },
  "eventListeners": {
    "inputSearchValueAction": {
      "chains": [
        {
          "chain": "onSearch",
          "parameters": {
            "value": "{{$event.detail.value}}",
            "itemContext": "{{$event.detail.itemContext}}"
          }
        }
      ]
    },
    "vbEnter": {
      "chains": [
        {
          "parameters": {},
          "chain": "vbEnterChangeListener"
        }
      ]
    }

  },
  "imports": {
    "components": {
      "oj-input-search": {
        "path": "ojs/ojinputsearch"
      },
      "oj-table": {
        "path": "ojs/ojtable"
      }
   }
  }
}