{
    "openapi": "3.0.0",
    "info": {
        "title": "Ords",
        "version": "1.0.0"
    },
    "servers": [
        {
            "url": "vb-catalog://backends/ORDSService"
        }
    ],
    "paths": {
        "/stg/poheader": {
            "get": {
                "operationId": "getPoHeader",
                "parameters": [
                    {
                        "name": "searchValue",
                        "in": "query",
                        "schema": {
                            "type": "string"
                        }
                    }
                ],
                "responses": {
                    "default": {
                        "description": "Response for default",
                        "content": {
                            "application/json": {
                                "schema": {
                                    "$ref": "#/components/schemas/GetQiaordswst1StgPoheader"
                                },
                                "examples": {
                                    "vb": {
                                        "summary": "Example stored by VB User",
                                        "externalValue": "./examples/getPoHeader/response_default_application_json_vb.json"
                                    }
                                }
                            }
                        }
                    }
                },
                "x-vb": {
                    "actionHint": "getMany"
                }
            }
        },
        "/adminmodule/search/hdr": {
            "get": {
                "operationId": "getSearchAdminInvoice",
                "parameters": [
                    {
                        "name": "l_from_date",
                        "in": "query",
                        "schema": {
                            "type": "string"
                        }
                    },
                    {
                        "name": "l_to_date",
                        "in": "query",
                        "schema": {
                            "type": "string"
                        }
                    }
                ],
                "responses": {
                    "default": {
                        "description": "Response for default",
                        "content": {
                            "application/json": {
                                "schema": {
                                    "$ref": "#/components/schemas/GetAdminmoduleSearchHdr"
                                },
                                "examples": {
                                    "vb": {
                                        "summary": "Example stored by VB User",
                                        "externalValue": "./examples/getSearchAdminInvoice/response_default_application_json_vb.json"
                                    }
                                }
                            }
                        }
                    }
                },
                "x-vb": {
                    "actionHint": "getMany"
                }
            }
        },
        "/adminmodule/find/admin/hdr": {
            "get": {
                "operationId": "getAdminHdrById",
                "parameters": [
                    {
                        "name": "p_request_id",
                        "in": "query",
                        "schema": {
                            "type": "string"
                        },
                        "x-vb": {
                            "defaultValue": "2920"
                        }
                    }
                ],
                "responses": {
                    "default": {
                        "description": "Response for default",
                        "content": {
                            "application/json": {
                                "schema": {
                                    "$ref": "#/components/schemas/GetAdminmoduleFindAdminHdr"
                                },
                                "examples": {
                                    "vb": {
                                        "summary": "Example stored by VB User",
                                        "externalValue": "./examples/getAdminHdrById/response_default_application_json_vb.json"
                                    }
                                }
                            }
                        }
                    }
                },
                "x-vb": {
                    "actionHint": "getMany"
                }
            }
        },
        "/adminmodule/pkg/adminheader/{P_PRIMARYKEY}/{P_METHOD}": {
            "parameters": [
                {
                    "name": "P_PRIMARYKEY",
                    "in": "path",
                    "required": true,
                    "schema": {
                        "type": "string"
                    },
                    "x-vb": {
                        "defaultValue": "0"
                    }
                },
                {
                    "name": "P_METHOD",
                    "in": "path",
                    "required": true,
                    "schema": {
                        "type": "string"
                    },
                    "x-vb": {
                        "defaultValue": "POST"
                    }
                }
            ],
            "post": {
                "operationId": "postHeader",
                "requestBody": {
                    "content": {
                        "application/json": {
                            "schema": {
                                "$ref": "#/components/schemas/PostAdminmodulePkgAdminheaderP_PRIMARYKEYP_METHODRequest"
                            },
                            "examples": {
                                "vb": {
                                    "externalValue": "./examples/postHeader/request_application_json_vb.json"
                                }
                            }
                        }
                    }
                },
                "responses": {
                    "default": {
                        "description": "Response for default",
                        "content": {
                            "application/json": {
                                "schema": {
                                    "$ref": "#/components/schemas/PostAdminmodulePkgAdminheaderP_PRIMARYKEYP_METHODResponse"
                                },
                                "examples": {
                                    "vb": {
                                        "summary": "Example stored by VB User",
                                        "externalValue": "./examples/postHeader/response_default_application_json_vb.json"
                                    }
                                }
                            }
                        }
                    }
                },
                "x-vb": {
                    "actionHint": "getMany"
                }
            }
        },
        "/adminmodule/pkg/adminline/{P_PRIMARYKEY}/{P_METHOD}": {
            "parameters": [
                {
                    "name": "P_PRIMARYKEY",
                    "in": "path",
                    "required": true,
                    "schema": {
                        "type": "string"
                    },
                    "x-vb": {
                        "defaultValue": "0"
                    }
                },
                {
                    "name": "P_METHOD",
                    "in": "path",
                    "required": true,
                    "schema": {
                        "type": "string"
                    },
                    "x-vb": {
                        "defaultValue": "POST"
                    }
                }
            ],
            "post": {
                "operationId": "postLine",
                "requestBody": {
                    "content": {
                        "application/json": {
                            "schema": {
                                "$ref": "#/components/schemas/PostAdminmodulePkgAdminlineP_PRIMARYKEYP_METHODRequest"
                            },
                            "examples": {
                                "vb": {
                                    "externalValue": "./examples/postLine/request_application_json_vb.json"
                                }
                            }
                        }
                    }
                },
                "responses": {
                    "default": {
                        "description": "Response for default",
                        "content": {
                            "application/json": {
                                "schema": {
                                    "$ref": "#/components/schemas/PostAdminmodulePkgAdminlineP_PRIMARYKEYP_METHODResponse"
                                },
                                "examples": {
                                    "vb": {
                                        "summary": "Example stored by VB User",
                                        "externalValue": "./examples/postLine/response_default_application_json_vb.json"
                                    }
                                }
                            }
                        }
                    }
                },
                "x-vb": {
                    "actionHint": "getMany"
                }
            }
        }
    },
    "components": {
        "schemas": {
            "GetQiaordswst1StgPoheader": {
                "type": "object",
                "properties": {
                    "items": {
                        "type": "array",
                        "items": {
                            "type": "object",
                            "properties": {
                                "po_header_id": {
                                    "type": "integer"
                                },
                                "po_number": {
                                    "type": "string"
                                },
                                "po_number_code": {
                                    "type": "string"
                                },
                                "po_number_display": {
                                    "type": "string"
                                },
                                "po_type": {
                                    "type": "string"
                                },
                                "rate": {
                                    "type": "integer"
                                },
                                "rate_type": {
                                    "type": "string"
                                },
                                "terms_id": {
                                    "type": "integer"
                                },
                                "note_to_vendor": {
                                    "type": "string"
                                },
                                "note_to_receiver": {
                                    "type": "string"
                                },
                                "agent_id": {
                                    "type": "integer"
                                },
                                "po_amount": {
                                    "type": "integer"
                                },
                                "vendor_number": {
                                    "type": "string"
                                },
                                "vendor_name": {
                                    "type": "string"
                                },
                                "vendor_id": {
                                    "type": "integer"
                                },
                                "vendor_site_id": {
                                    "type": "integer"
                                },
                                "vendor_contact_id": {
                                    "type": "integer"
                                },
                                "currency_code": {
                                    "type": "string"
                                },
                                "document_status": {
                                    "type": "string"
                                },
                                "cancel_flag": {
                                    "nullable": true
                                },
                                "closed_date": {
                                    "type": "string",
                                    "nullable": true
                                },
                                "approved_flag": {
                                    "type": "string"
                                },
                                "approved_date": {
                                    "type": "string"
                                },
                                "business_unit_id": {
                                    "type": "integer"
                                },
                                "object_version_number": {
                                    "type": "integer"
                                },
                                "payment_terms": {
                                    "type": "string"
                                },
                                "po_style": {
                                    "type": "string"
                                },
                                "description": {
                                    "type": "string",
                                    "nullable": true
                                },
                                "agreement_type": {
                                    "type": "string"
                                },
                                "agreement_number": {
                                    "type": "string"
                                },
                                "trx_source": {
                                    "type": "string"
                                },
                                "source_rowid": {
                                    "type": "string"
                                },
                                "created_by": {
                                    "type": "string"
                                },
                                "creation_date": {
                                    "type": "string"
                                },
                                "last_updated_by": {
                                    "type": "string"
                                },
                                "last_update_date": {
                                    "type": "string"
                                },
                                "cur_currency_code": {
                                    "type": "string"
                                },
                                "cur_currency_name": {
                                    "type": "string"
                                },
                                "cur_description": {
                                    "type": "string"
                                },
                                "ven_vendor_id": {
                                    "type": "integer"
                                },
                                "ven_vendor_name": {
                                    "type": "string"
                                },
                                "ven_vendor_number": {
                                    "type": "string"
                                },
                                "ven_party_id": {
                                    "type": "integer"
                                },
                                "ven_vendor_type_lookup_code": {
                                    "type": "string",
                                    "nullable": true
                                },
                                "code_combination": {
                                    "type": "string"
                                },
                                "code_comb_desc": {
                                    "type": "string"
                                },
                                "po_total_amount": {
                                    "type": "integer"
                                },
                                "po_inv_paid_amt": {
                                    "type": "integer"
                                },
                                "po_inv_bal_amt": {
                                    "type": "integer"
                                }
                            }
                        }
                    },
                    "hasMore": {
                        "type": "boolean"
                    },
                    "limit": {
                        "type": "integer"
                    },
                    "offset": {
                        "type": "integer"
                    },
                    "count": {
                        "type": "integer"
                    },
                    "links": {
                        "type": "array",
                        "items": {
                            "type": "object",
                            "properties": {
                                "rel": {
                                    "type": "string"
                                },
                                "href": {
                                    "type": "string"
                                }
                            }
                        }
                    }
                }
            },
            "GetAdminmoduleSearchHdr": {
                "type": "object",
                "properties": {
                    "items": {
                        "type": "array",
                        "items": {
                            "type": "object",
                            "properties": {
                                "request_id": {
                                    "type": "integer"
                                },
                                "object_version_number": {
                                    "type": "integer"
                                },
                                "request_number": {
                                    "type": "string"
                                },
                                "person_id": {
                                    "type": "integer"
                                },
                                "approver_id": {
                                    "type": "string"
                                },
                                "approver_name": {
                                    "type": "string"
                                },
                                "approver_number": {
                                    "type": "string"
                                },
                                "approver_email": {
                                    "type": "string"
                                },
                                "approver_level": {
                                    "type": "integer"
                                },
                                "approver_email_id": {
                                    "type": "string"
                                },
                                "category": {
                                    "type": "string"
                                },
                                "user_group": {
                                    "type": "string"
                                },
                                "comments": {
                                    "type": "string"
                                },
                                "vbcs_instance_id": {
                                    "type": "string"
                                },
                                "status": {
                                    "type": "string"
                                },
                                "department_id": {
                                    "type": "integer"
                                },
                                "department": {
                                    "type": "string"
                                },
                                "department_approver": {
                                    "nullable": true
                                },
                                "department_approver_email": {
                                    "type": "string"
                                },
                                "department_approver_name": {
                                    "type": "string"
                                },
                                "approver1": {
                                    "type": "integer"
                                },
                                "approver2": {
                                    "type": "integer"
                                },
                                "approver3": {
                                    "type": "integer"
                                },
                                "approver4": {
                                    "type": "integer"
                                },
                                "approver5": {
                                    "type": "integer"
                                },
                                "approver_number_1": {
                                    "type": "string"
                                },
                                "approver_number_2": {
                                    "type": "string"
                                },
                                "approver_number_3": {
                                    "type": "string"
                                },
                                "approver_number_4": {
                                    "type": "string"
                                },
                                "approver_number_5": {
                                    "type": "string"
                                },
                                "approver_name_1": {
                                    "type": "string"
                                },
                                "approver_name_2": {
                                    "type": "string"
                                },
                                "approver_name_3": {
                                    "type": "string"
                                },
                                "approver_name_4": {
                                    "type": "string"
                                },
                                "approver_name_5": {
                                    "type": "string"
                                },
                                "approver_email_1": {
                                    "type": "string"
                                },
                                "approver_email_2": {
                                    "type": "string"
                                },
                                "approver_email_3": {
                                    "type": "string"
                                },
                                "approver_email_4": {
                                    "type": "string"
                                },
                                "approver_email_5": {
                                    "type": "string"
                                },
                                "creation_date": {
                                    "type": "string"
                                },
                                "created_by": {
                                    "type": "string"
                                },
                                "last_update_date": {
                                    "type": "string"
                                },
                                "last_updated_by": {
                                    "type": "string"
                                },
                                "last_update_login": {
                                    "type": "string"
                                },
                                "full_name": {
                                    "type": "string"
                                },
                                "email_address": {
                                    "type": "string"
                                },
                                "dept_name": {
                                    "type": "string"
                                },
                                "grade_name": {
                                    "type": "string"
                                },
                                "job_name": {
                                    "type": "string"
                                },
                                "saas_email_address": {
                                    "type": "string"
                                }
                            }
                        }
                    },
                    "hasMore": {
                        "type": "boolean"
                    },
                    "limit": {
                        "type": "integer"
                    },
                    "offset": {
                        "type": "integer"
                    },
                    "count": {
                        "type": "integer"
                    },
                    "links": {
                        "type": "array",
                        "items": {
                            "type": "object",
                            "properties": {
                                "rel": {
                                    "type": "string"
                                },
                                "href": {
                                    "type": "string"
                                }
                            }
                        }
                    }
                }
            },
            "GetAdminmoduleFindAdminHdr": {
                "type": "object",
                "properties": {
                    "items": {
                        "type": "array",
                        "items": {
                            "type": "object",
                            "properties": {
                                "request_id": {
                                    "type": "integer"
                                },
                                "object_version_number": {
                                    "type": "integer"
                                },
                                "request_number": {
                                    "type": "string"
                                },
                                "person_id": {
                                    "type": "integer"
                                },
                                "approver_id": {
                                    "type": "string"
                                },
                                "approver_name": {
                                    "type": "string"
                                },
                                "approver_number": {
                                    "type": "string"
                                },
                                "approver_email": {
                                    "type": "string"
                                },
                                "approver_level": {
                                    "type": "integer"
                                },
                                "approver_email_id": {
                                    "type": "string"
                                },
                                "category": {
                                    "type": "string"
                                },
                                "user_group": {
                                    "type": "string"
                                },
                                "comments": {
                                    "type": "string"
                                },
                                "vbcs_instance_id": {
                                    "type": "string"
                                },
                                "status": {
                                    "type": "string"
                                },
                                "department_id": {
                                    "type": "integer"
                                },
                                "department": {
                                    "type": "string"
                                },
                                "department_approver": {
                                    "nullable": true
                                },
                                "department_approver_email": {
                                    "type": "string"
                                },
                                "department_approver_name": {
                                    "type": "string"
                                },
                                "approver1": {
                                    "type": "integer"
                                },
                                "approver2": {
                                    "type": "integer"
                                },
                                "approver3": {
                                    "type": "integer"
                                },
                                "approver4": {
                                    "type": "integer"
                                },
                                "approver5": {
                                    "type": "integer"
                                },
                                "approver_number_1": {
                                    "type": "string"
                                },
                                "approver_number_2": {
                                    "type": "string"
                                },
                                "approver_number_3": {
                                    "type": "string"
                                },
                                "approver_number_4": {
                                    "type": "string"
                                },
                                "approver_number_5": {
                                    "type": "string"
                                },
                                "approver_name_1": {
                                    "type": "string"
                                },
                                "approver_name_2": {
                                    "type": "string"
                                },
                                "approver_name_3": {
                                    "type": "string"
                                },
                                "approver_name_4": {
                                    "type": "string"
                                },
                                "approver_name_5": {
                                    "type": "string"
                                },
                                "approver_email_1": {
                                    "type": "string"
                                },
                                "approver_email_2": {
                                    "type": "string"
                                },
                                "approver_email_3": {
                                    "type": "string"
                                },
                                "approver_email_4": {
                                    "type": "string"
                                },
                                "approver_email_5": {
                                    "type": "string"
                                },
                                "creation_date": {
                                    "type": "string"
                                },
                                "created_by": {
                                    "type": "string"
                                },
                                "last_update_date": {
                                    "type": "string"
                                },
                                "last_updated_by": {
                                    "type": "string"
                                },
                                "last_update_login": {
                                    "type": "string"
                                },
                                "full_name": {
                                    "type": "string"
                                },
                                "email_address": {
                                    "type": "string"
                                },
                                "dept_name": {
                                    "type": "string"
                                },
                                "grade_name": {
                                    "type": "string"
                                },
                                "job_name": {
                                    "type": "string"
                                },
                                "saas_email_address": {
                                    "type": "string"
                                }
                            }
                        }
                    },
                    "hasMore": {
                        "type": "boolean"
                    },
                    "limit": {
                        "type": "integer"
                    },
                    "offset": {
                        "type": "integer"
                    },
                    "count": {
                        "type": "integer"
                    },
                    "links": {
                        "type": "array",
                        "items": {
                            "type": "object",
                            "properties": {
                                "rel": {
                                    "type": "string"
                                },
                                "href": {
                                    "type": "string"
                                }
                            }
                        }
                    }
                }
            },
            "PostAdminmodulePkgAdminheaderP_PRIMARYKEYP_METHODRequest": {
                "type": "object",
                "properties": {
                    "request_id": {
                        "type": "integer"
                    },
                    "object_version_number": {
                        "type": "integer"
                    },
                    "request_number": {
                        "type": "string"
                    },
                    "person_id": {
                        "type": "string"
                    },
                    "approver_id": {
                        "type": "string"
                    },
                    "approver_name": {
                        "type": "string"
                    },
                    "approver_number": {
                        "type": "string"
                    },
                    "approver_email": {
                        "type": "string"
                    },
                    "approver_level": {
                        "type": "string"
                    },
                    "approver_email_id": {
                        "type": "string"
                    },
                    "category": {
                        "type": "string"
                    },
                    "user_group": {
                        "type": "string"
                    },
                    "comments": {
                        "type": "string"
                    },
                    "vbcs_instance_id": {
                        "type": "string"
                    },
                    "status": {
                        "type": "string"
                    },
                    "department_id": {
                        "type": "string"
                    },
                    "department": {
                        "type": "string"
                    },
                    "department_approver": {
                        "type": "string"
                    },
                    "department_approver_email": {
                        "type": "string"
                    },
                    "department_approver_name": {
                        "type": "string"
                    },
                    "approver1": {
                        "type": "string"
                    },
                    "approver2": {
                        "type": "string"
                    },
                    "approver3": {
                        "type": "string"
                    },
                    "approver4": {
                        "type": "string"
                    },
                    "approver5": {
                        "type": "string"
                    },
                    "approver_number_1": {
                        "type": "string"
                    },
                    "approver_number_2": {
                        "type": "string"
                    },
                    "approver_number_3": {
                        "type": "string"
                    },
                    "approver_number_4": {
                        "type": "string"
                    },
                    "approver_number_5": {
                        "type": "string"
                    },
                    "approver_name_1": {
                        "type": "string"
                    },
                    "approver_name_2": {
                        "type": "string"
                    },
                    "approver_name_3": {
                        "type": "string"
                    },
                    "approver_name_4": {
                        "type": "string"
                    },
                    "approver_name_5": {
                        "type": "string"
                    },
                    "approver_email_1": {
                        "type": "string"
                    },
                    "approver_email_2": {
                        "type": "string"
                    },
                    "approver_email_3": {
                        "type": "string"
                    },
                    "approver_email_4": {
                        "type": "string"
                    },
                    "approver_email_5": {
                        "type": "string"
                    },
                    "creation_date": {
                        "type": "string"
                    },
                    "created_by": {
                        "type": "string"
                    },
                    "last_update_date": {
                        "type": "string"
                    },
                    "last_updated_by": {
                        "type": "string"
                    },
                    "last_update_login": {
                        "type": "string"
                    }
                }
            },
            "PostAdminmodulePkgAdminheaderP_PRIMARYKEYP_METHODResponse": {
                "type": "object",
                "properties": {
                    "p_err_code": {
                        "type": "string"
                    },
                    "p_err_msg": {
                        "type": "string"
                    },
                    "p_primarykey": {
                        "type": "integer"
                    }
                }
            },
            "PostAdminmodulePkgAdminlineP_PRIMARYKEYP_METHODRequest": {
                "type": "object",
                "properties": {
                    "request_dtl_id": {
                        "type": "integer"
                    },
                    "request__id": {
                        "type": "integer"
                    },
                    "po_header_id": {
                        "type": "integer"
                    },
                    "po_number": {
                        "type": "string"
                    },
                    "po_date": {
                        "type": "string"
                    },
                    "po_type": {
                        "type": "string"
                    },
                    "po_description": {
                        "type": "string"
                    },
                    "po_release_no": {
                        "type": "string"
                    },
                    "po_amount": {
                        "type": "integer"
                    },
                    "po_inv_balance_amt": {
                        "type": "integer"
                    },
                    "vendor_id": {
                        "type": "integer"
                    },
                    "vendor_name": {
                        "type": "string"
                    },
                    "agreement_type": {
                        "type": "string"
                    },
                    "agreement_number": {
                        "type": "string"
                    },
                    "currency_code": {
                        "type": "string"
                    },
                    "current_invoice_amount": {
                        "type": "integer"
                    },
                    "current_invoice_number": {
                        "type": "string"
                    },
                    "current_invoice_description": {
                        "type": "string"
                    },
                    "invoice_date": {
                        "type": "string"
                    },
                    "delivery_note_number": {
                        "type": "string"
                    },
                    "payment_term": {
                        "type": "string"
                    },
                    "wht_amount": {
                        "type": "integer"
                    },
                    "wht_type": {
                        "type": "string"
                    },
                    "wht_comments": {
                        "type": "string"
                    },
                    "netpayable_amount": {
                        "type": "integer"
                    },
                    "grn_number": {
                        "type": "string"
                    },
                    "grn_receipt_date": {
                        "type": "string"
                    },
                    "grn_comments": {
                        "type": "string"
                    },
                    "grn_quantity": {
                        "type": "string"
                    },
                    "integration_status": {
                        "type": "string"
                    },
                    "integration_message": {
                        "type": "string"
                    },
                    "saas_invoice_id": {
                        "type": "string"
                    },
                    "creation_date": {
                        "type": "string"
                    },
                    "created_by": {
                        "type": "string"
                    },
                    "last_update_date": {
                        "type": "string"
                    },
                    "last_updated_by": {
                        "type": "string"
                    },
                    "last_update_login": {
                        "type": "string"
                    }
                }
            },
            "PostAdminmodulePkgAdminlineP_PRIMARYKEYP_METHODResponse": {
                "type": "object",
                "properties": {
                    "p_err_code": {
                        "type": "string"
                    },
                    "p_err_msg": {
                        "type": "string"
                    },
                    "p_primarykey": {
                        "type": "integer"
                    }
                }
            }
        }
    }
}