{
    "items": [
        {
            "appl_header_id": 17201,
            "object_version_num": 0,
            "application_number": "TR17201",
            "application_date": "2024-04-01T00:00:00Z",
            "employee_number": "1089",
            "full_name": "Pramod Kumar Meher",
            "grade": "Senior Associate",
            "application_status": "Draft",
            "perdiem_yes_no": "Per Diem Upon Return",
            "ticket_type": null,
            "destination": null,
            "lpo_number": null,
            "country_type": null,
            "advance_taken": null,
            "comments": null,
            "advance_amount": null,
            "ticket_amount": null,
            "net_amount": null,
            "lpo_entered_by": null,
            "lpo_entered_name": null,
            "attribute_data": "{\"attribute1\":\"NULL\",\"attribute10\":\"NULL\",\"attribute11\":\"NULL\",\"attribute12\":\"NULL\",\"attribute13\":\"NULL\",\"attribute15\":\"NULL\",\"attribute2\":\"NULL\",\"attribute3\":\"NULL\",\"attribute4\":\"NULL\",\"attribute5\":\"NULL\",\"attribute6\":\"NULL\",\"attribute7\":\"NULL\",\"attribute8\":\"NULL\",\"attribute9\":\"NULL\",\"project_owner_dep\":\"NULL\",\"department\":\"IT\",\"gender\":\"MALE\",\"nationality\":\"Non-Qatari\"}",
            "created_by": "API",
            "creation_date": "2024-04-01T00:00:00Z",
            "last_updated_by": "API",
            "last_update_date": "2024-04-01T00:00:00Z",
            "last_update_login": "API",
            "date_from": null,
            "date_to": null,
            "emp_id": 1089,
            "emp_number": "1089",
            "emp_name": "Pramod Kumar Meher",
            "email_address": "testpramod@qia.qa",
            "grade_name": "Senior Associate",
            "dept_name": "IT",
            "project_owner_dep": "NULL",
            "projectname": null,
            "projectdetails": null,
            "department": "IT",
            "nationality": "Non-Qatari",
            "gender": "MALE",
            "user_group": null,
            "category": null,
            "status": null,
            "interface_status": null,
            "error_message": null,
            "companion_required": null,
            "travel_status": "Draft",
            "approver_id": null,
            "approver_name": null,
            "approver_email_id": null,
            "approver_level": null,
            "approver_number": null,
            "assignment_during_annual_leave": null,
            "travel_source": "Manual",
            "travel_source_disp": "Business Trip Oracle",
            "reference_num": "17201",
            "payment_date": "2024-04-01T00:00:00Z",
            "payment_description": "TR17201"
        },
        {
            "appl_header_id": 17181,
            "object_version_num": 0,
            "application_number": "TR17181",
            "application_date": "2024-03-27T00:00:00Z",
            "employee_number": "1089",
            "full_name": "Pramod Kumar Meher",
            "grade": "Senior Associate",
            "application_status": "Draft",
            "perdiem_yes_no": "Per Diem Upon Return",
            "ticket_type": null,
            "destination": null,
            "lpo_number": null,
            "country_type": null,
            "advance_taken": null,
            "comments": null,
            "advance_amount": null,
            "ticket_amount": null,
            "net_amount": null,
            "lpo_entered_by": null,
            "lpo_entered_name": null,
            "attribute_data": "{\"attribute1\":\"NULL\",\"attribute10\":\"NULL\",\"attribute11\":\"NULL\",\"attribute12\":\"NULL\",\"attribute13\":\"NULL\",\"attribute15\":\"NULL\",\"attribute2\":\"NULL\",\"attribute3\":\"NULL\",\"attribute4\":\"NULL\",\"attribute5\":\"NULL\",\"attribute6\":\"NULL\",\"attribute7\":\"NULL\",\"attribute8\":\"NULL\",\"attribute9\":\"NULL\",\"project_owner_dep\":\"NULL\",\"department\":\"IT\",\"gender\":\"MALE\",\"nationality\":\"Non-Qatari\"}",
            "created_by": "API",
            "creation_date": "2024-03-27T00:00:00Z",
            "last_updated_by": "API",
            "last_update_date": "2024-03-27T00:00:00Z",
            "last_update_login": "API",
            "date_from": null,
            "date_to": null,
            "emp_id": 1089,
            "emp_number": "1089",
            "emp_name": "Pramod Kumar Meher",
            "email_address": "testpramod@qia.qa",
            "grade_name": "Senior Associate",
            "dept_name": "IT",
            "project_owner_dep": "NULL",
            "projectname": null,
            "projectdetails": null,
            "department": "IT",
            "nationality": "Non-Qatari",
            "gender": "MALE",
            "user_group": null,
            "category": null,
            "status": null,
            "interface_status": null,
            "error_message": null,
            "companion_required": null,
            "travel_status": "Draft",
            "approver_id": null,
            "approver_name": null,
            "approver_email_id": null,
            "approver_level": null,
            "approver_number": null,
            "assignment_during_annual_leave": null,
            "travel_source": "Manual",
            "travel_source_disp": "Business Trip Oracle",
            "reference_num": "17181",
            "payment_date": "2024-03-27T00:00:00Z",
            "payment_description": "TR17181"
        },
        {
            "appl_header_id": 17162,
            "object_version_num": 0,
            "application_number": "TR17162",
            "application_date": "2024-01-06T00:00:00Z",
            "employee_number": "1662",
            "full_name": "Fatma Khalifa N A Al-Nasr",
            "grade": "Senior Analyst",
            "application_status": "Draft",
            "perdiem_yes_no": "Per Diem Upon Return",
            "ticket_type": "Not Eligible",
            "destination": null,
            "lpo_number": null,
            "country_type": null,
            "advance_taken": null,
            "comments": null,
            "advance_amount": null,
            "ticket_amount": null,
            "net_amount": null,
            "lpo_entered_by": null,
            "lpo_entered_name": null,
            "attribute_data": "{\"attribute1\":\"NULL\",\"attribute10\":\"NULL\",\"attribute11\":\"NULL\",\"attribute12\":\"NULL\",\"attribute13\":\"NULL\",\"attribute15\":\"NULL\",\"attribute2\":\"NULL\",\"attribute3\":\"NULL\",\"attribute4\":\"NULL\",\"attribute5\":\"NULL\",\"attribute6\":\"NULL\",\"attribute7\":\"NULL\",\"attribute8\":\"NULL\",\"attribute9\":\"NULL\",\"project_owner_dep\":\"NULL\",\"department\":\"CEO Office\",\"gender\":\"FEMALE\",\"nationality\":\"Qatari\"}",
            "created_by": "ralvi@qia.qa",
            "creation_date": "2024-01-06T00:00:00Z",
            "last_updated_by": "ralvi@qia.qa",
            "last_update_date": "2024-01-06T00:00:00Z",
            "last_update_login": "ralvi@qia.qa",
            "date_from": null,
            "date_to": null,
            "emp_id": 1662,
            "emp_number": "1662",
            "emp_name": "Fatma Khalifa N A Al-Nasr",
            "email_address": "testFAl-Nasr@qia.qa",
            "grade_name": "Senior Analyst",
            "dept_name": "CEO Office",
            "project_owner_dep": "NULL",
            "projectname": null,
            "projectdetails": null,
            "department": "CEO Office",
            "nationality": "Qatari",
            "gender": "FEMALE",
            "user_group": null,
            "category": null,
            "status": null,
            "interface_status": null,
            "error_message": null,
            "companion_required": null,
            "travel_status": "Draft",
            "approver_id": null,
            "approver_name": null,
            "approver_email_id": null,
            "approver_level": null,
            "approver_number": null,
            "assignment_during_annual_leave": null,
            "travel_source": "Manual",
            "travel_source_disp": "Business Trip Oracle",
            "reference_num": "17162",
            "payment_date": "2024-01-06T00:00:00Z",
            "payment_description": "TR17162"
        },
        {
            "appl_header_id": 17142,
            "object_version_num": 0,
            "application_number": "TR17142",
            "application_date": "2023-08-20T00:00:00Z",
            "employee_number": "1089",
            "full_name": "Pramod Kumar Meher",
            "grade": "Senior Associate",
            "application_status": "Draft",
            "perdiem_yes_no": "Per Diem Upon Return",
            "ticket_type": null,
            "destination": null,
            "lpo_number": null,
            "country_type": null,
            "advance_taken": null,
            "comments": null,
            "advance_amount": null,
            "ticket_amount": null,
            "net_amount": null,
            "lpo_entered_by": null,
            "lpo_entered_name": null,
            "attribute_data": "{\"attribute1\":\"NULL\",\"attribute10\":\"NULL\",\"attribute11\":\"NULL\",\"attribute12\":\"NULL\",\"attribute13\":\"NULL\",\"attribute15\":\"NULL\",\"attribute2\":\"NULL\",\"attribute3\":\"NULL\",\"attribute4\":\"NULL\",\"attribute5\":\"NULL\",\"attribute6\":\"NULL\",\"attribute7\":\"NULL\",\"attribute8\":\"NULL\",\"attribute9\":\"NULL\",\"project_owner_dep\":\"NULL\",\"department\":\"IT\",\"gender\":\"MALE\",\"nationality\":\"Non-Qatari\"}",
            "created_by": "API",
            "creation_date": "2023-08-20T00:00:00Z",
            "last_updated_by": "API",
            "last_update_date": "2023-08-20T00:00:00Z",
            "last_update_login": "API",
            "date_from": null,
            "date_to": null,
            "emp_id": 1089,
            "emp_number": "1089",
            "emp_name": "Pramod Kumar Meher",
            "email_address": "testpramod@qia.qa",
            "grade_name": "Senior Associate",
            "dept_name": "IT",
            "project_owner_dep": "NULL",
            "projectname": null,
            "projectdetails": null,
            "department": "IT",
            "nationality": "Non-Qatari",
            "gender": "MALE",
            "user_group": null,
            "category": null,
            "status": null,
            "interface_status": null,
            "error_message": null,
            "companion_required": null,
            "travel_status": "Draft",
            "approver_id": null,
            "approver_name": null,
            "approver_email_id": null,
            "approver_level": null,
            "approver_number": null,
            "assignment_during_annual_leave": null,
            "travel_source": "Manual",
            "travel_source_disp": "Business Trip Oracle",
            "reference_num": "17142",
            "payment_date": "2023-08-20T00:00:00Z",
            "payment_description": "TR17142"
        },
        {
            "appl_header_id": 17141,
            "object_version_num": 0,
            "application_number": "TR17141",
            "application_date": "2023-08-20T00:00:00Z",
            "employee_number": "1089",
            "full_name": "Pramod Kumar Meher",
            "grade": "Senior Associate",
            "application_status": "Draft",
            "perdiem_yes_no": "Per Diem Upon Return",
            "ticket_type": "Ticket Paid by Third Party",
            "destination": "YYYY",
            "lpo_number": null,
            "country_type": null,
            "advance_taken": null,
            "comments": "XXXXX",
            "advance_amount": 0,
            "ticket_amount": 0,
            "net_amount": 0,
            "lpo_entered_by": null,
            "lpo_entered_name": null,
            "attribute_data": "{\"department\":\"Shared Services\",\"gender\":\"MALE\",\"nationality\":\"Non-Qatari\",\"project_owner_dep\":\"00.QIA\",\"projectDetails\":\"XXXX\",\"projectName\":\"XXXX\"}",
            "created_by": "API",
            "creation_date": "2023-08-20T00:00:00Z",
            "last_updated_by": "API",
            "last_update_date": "2023-08-20T00:00:00Z",
            "last_update_login": "API",
            "date_from": "2023-11-01",
            "date_to": "2023-11-10",
            "emp_id": 1089,
            "emp_number": "1089",
            "emp_name": "Pramod Kumar Meher",
            "email_address": "testpramod@qia.qa",
            "grade_name": "Senior Associate",
            "dept_name": "IT",
            "project_owner_dep": "00.QIA",
            "projectname": "XXXX",
            "projectdetails": "XXXX",
            "department": "Shared Services",
            "nationality": "Non-Qatari",
            "gender": "MALE",
            "user_group": null,
            "category": null,
            "status": null,
            "interface_status": null,
            "error_message": null,
            "companion_required": null,
            "travel_status": "Draft",
            "approver_id": null,
            "approver_name": null,
            "approver_email_id": null,
            "approver_level": null,
            "approver_number": null,
            "assignment_during_annual_leave": "N",
            "travel_source": "Manual",
            "travel_source_disp": "Business Trip Oracle",
            "reference_num": "17141",
            "payment_date": "2023-08-20T00:00:00Z",
            "payment_description": "TR17141"
        },
        {
            "appl_header_id": 17140,
            "object_version_num": 0,
            "application_number": "TR17140",
            "application_date": "2023-08-17T00:00:00Z",
            "employee_number": "1404",
            "full_name": "Mohamed Assif Ali Syed Omar",
            "grade": "Manager",
            "application_status": "Draft",
            "perdiem_yes_no": "Per Diem Upon Return",
            "ticket_type": "Not Eligible",
            "destination": "doha-india-doha",
            "lpo_number": null,
            "country_type": null,
            "advance_taken": null,
            "comments": "Tet",
            "advance_amount": 0,
            "ticket_amount": 0,
            "net_amount": 0,
            "lpo_entered_by": null,
            "lpo_entered_name": null,
            "attribute_data": "{\"department\":\"IT\",\"gender\":\"MALE\",\"nationality\":\"Non-Qatari\",\"project_owner_dep\":\"00.QIA\",\"projectDetails\":\"Oracle\",\"projectName\":\"Test\"}",
            "created_by": "API",
            "creation_date": "2023-08-17T00:00:00Z",
            "last_updated_by": "API",
            "last_update_date": "2023-08-17T00:00:00Z",
            "last_update_login": "API",
            "date_from": "2023-08-01",
            "date_to": "2023-08-02",
            "emp_id": 1404,
            "emp_number": "1404",
            "emp_name": "Mohamed Assif Ali Syed Omar",
            "email_address": "momar@qia.qa",
            "grade_name": "Manager",
            "dept_name": "IT",
            "project_owner_dep": "00.QIA",
            "projectname": "Test",
            "projectdetails": "Oracle",
            "department": "IT",
            "nationality": "Non-Qatari",
            "gender": "MALE",
            "user_group": null,
            "category": null,
            "status": null,
            "interface_status": null,
            "error_message": null,
            "companion_required": null,
            "travel_status": "Draft",
            "approver_id": null,
            "approver_name": null,
            "approver_email_id": null,
            "approver_level": null,
            "approver_number": null,
            "assignment_during_annual_leave": "N",
            "travel_source": "Manual",
            "travel_source_disp": "Business Trip Oracle",
            "reference_num": "17140",
            "payment_date": "2023-08-17T00:00:00Z",
            "payment_description": "TR17140"
        },
        {
            "appl_header_id": 17120,
            "object_version_num": 0,
            "application_number": "TR17120",
            "application_date": "2023-07-30T00:00:00Z",
            "employee_number": "1404",
            "full_name": "Mohamed Assif Ali Syed Omar",
            "grade": "Manager",
            "application_status": "Draft",
            "perdiem_yes_no": "Per Diem Upon Return",
            "ticket_type": "LPO Issued by QIA",
            "destination": "Test",
            "lpo_number": null,
            "country_type": null,
            "advance_taken": null,
            "comments": null,
            "advance_amount": 0,
            "ticket_amount": 0,
            "net_amount": 0,
            "lpo_entered_by": null,
            "lpo_entered_name": null,
            "attribute_data": "{\"companion_required\":null,\"department\":\"IT\",\"gender\":\"MALE\",\"nationality\":\"Non-Qatari\",\"project_owner_dep\":\"00021.Administration and Human Capital\",\"projectDetails\":\"Text Area\",\"projectName\":\"Test\"}",
            "created_by": "API",
            "creation_date": "2023-07-30T00:00:00Z",
            "last_updated_by": "API",
            "last_update_date": "2023-08-14T00:00:00Z",
            "last_update_login": "API",
            "date_from": "2021-07-05",
            "date_to": "2021-07-07",
            "emp_id": 1404,
            "emp_number": "1404",
            "emp_name": "Mohamed Assif Ali Syed Omar",
            "email_address": "momar@qia.qa",
            "grade_name": "Manager",
            "dept_name": "IT",
            "project_owner_dep": "00021.Administration and Human Capital",
            "projectname": "Test",
            "projectdetails": "Text Area",
            "department": "IT",
            "nationality": "Non-Qatari",
            "gender": "MALE",
            "user_group": null,
            "category": null,
            "status": null,
            "interface_status": null,
            "error_message": null,
            "companion_required": null,
            "travel_status": "Draft",
            "approver_id": null,
            "approver_name": null,
            "approver_email_id": null,
            "approver_level": null,
            "approver_number": null,
            "assignment_during_annual_leave": "Y",
            "travel_source": "Manual",
            "travel_source_disp": "Business Trip Oracle",
            "reference_num": "17120",
            "payment_date": "2023-07-30T00:00:00Z",
            "payment_description": "TR17120"
        },
        {
            "appl_header_id": 17109,
            "object_version_num": 0,
            "application_number": "TR17109",
            "application_date": "2023-07-18T00:00:00Z",
            "employee_number": "1404",
            "full_name": "Mohamed Assif Ali Syed Omar",
            "grade": "Manager",
            "application_status": "Approved",
            "perdiem_yes_no": "Per Diem Upon Return",
            "ticket_type": "LPO Issued by QIA",
            "destination": "INV002",
            "lpo_number": null,
            "country_type": null,
            "advance_taken": null,
            "comments": null,
            "advance_amount": 0,
            "ticket_amount": 0,
            "net_amount": 0,
            "lpo_entered_by": null,
            "lpo_entered_name": null,
            "attribute_data": "{\"companion_required\":null,\"department\":\"IT\",\"gender\":\"MALE\",\"nationality\":\"Non-Qatari\",\"project_owner_dep\":\"0101.Office Support\",\"projectDetails\":\"testing\",\"projectName\":\"PERMISSION_TYPE\"}",
            "created_by": "API",
            "creation_date": "2023-07-18T00:00:00Z",
            "last_updated_by": "API",
            "last_update_date": "2023-08-14T00:00:00Z",
            "last_update_login": "1404",
            "date_from": "2027-07-08",
            "date_to": "2027-07-22",
            "emp_id": 1404,
            "emp_number": "1404",
            "emp_name": "Mohamed Assif Ali Syed Omar",
            "email_address": "momar@qia.qa",
            "grade_name": "Manager",
            "dept_name": "IT",
            "project_owner_dep": "0101.Office Support",
            "projectname": "PERMISSION_TYPE",
            "projectdetails": "testing",
            "department": "IT",
            "nationality": "Non-Qatari",
            "gender": "MALE",
            "user_group": null,
            "category": null,
            "status": null,
            "interface_status": null,
            "error_message": null,
            "companion_required": null,
            "travel_status": "Approved",
            "approver_id": null,
            "approver_name": null,
            "approver_email_id": null,
            "approver_level": null,
            "approver_number": null,
            "assignment_during_annual_leave": null,
            "travel_source": "Manual",
            "travel_source_disp": "Business Trip Oracle",
            "reference_num": "17109",
            "payment_date": "2023-07-18T00:00:00Z",
            "payment_description": "TR17109"
        },
        {
            "appl_header_id": 17108,
            "object_version_num": 0,
            "application_number": "TR17108",
            "application_date": "2023-07-18T00:00:00Z",
            "employee_number": "1089",
            "full_name": "Pramod Kumar Meher",
            "grade": "Senior Associate",
            "application_status": "Approved",
            "perdiem_yes_no": "Per Diem Upon Return",
            "ticket_type": "Ticket Paid by Employee (Actual cost will be claimed)",
            "destination": "INV011",
            "lpo_number": null,
            "country_type": null,
            "advance_taken": null,
            "comments": null,
            "advance_amount": 0,
            "ticket_amount": 0,
            "net_amount": 0,
            "lpo_entered_by": null,
            "lpo_entered_name": null,
            "attribute_data": "{\"companion_required\":null,\"department\":\"IT\",\"gender\":\"MALE\",\"nationality\":\"Non-Qatari\",\"project_owner_dep\":\"0901.QH CEO Office\",\"projectDetails\":\"testing\",\"projectName\":\"PERMISSION_TYPE\"}",
            "created_by": "API",
            "creation_date": "2023-07-18T00:00:00Z",
            "last_updated_by": "API",
            "last_update_date": "2023-08-20T00:00:00Z",
            "last_update_login": "1404",
            "date_from": "2025-07-15",
            "date_to": "2025-07-31",
            "emp_id": 1089,
            "emp_number": "1089",
            "emp_name": "Pramod Kumar Meher",
            "email_address": "testpramod@qia.qa",
            "grade_name": "Senior Associate",
            "dept_name": "IT",
            "project_owner_dep": "0901.QH CEO Office",
            "projectname": "PERMISSION_TYPE",
            "projectdetails": "testing",
            "department": "IT",
            "nationality": "Non-Qatari",
            "gender": "MALE",
            "user_group": null,
            "category": null,
            "status": null,
            "interface_status": null,
            "error_message": null,
            "companion_required": null,
            "travel_status": "Approved",
            "approver_id": null,
            "approver_name": null,
            "approver_email_id": null,
            "approver_level": null,
            "approver_number": null,
            "assignment_during_annual_leave": null,
            "travel_source": "Manual",
            "travel_source_disp": "Business Trip Oracle",
            "reference_num": "17108",
            "payment_date": "2023-07-18T00:00:00Z",
            "payment_description": "TR17108"
        },
        {
            "appl_header_id": 17107,
            "object_version_num": 0,
            "application_number": "TR17107",
            "application_date": "2023-07-18T00:00:00Z",
            "employee_number": "1089",
            "full_name": "Pramod Kumar Meher",
            "grade": "Senior Associate",
            "application_status": "Approved",
            "perdiem_yes_no": "Per Diem Upon Return",
            "ticket_type": "Ticket Paid by QIA (via AMEX-GBT)",
            "destination": "INV003",
            "lpo_number": null,
            "country_type": null,
            "advance_taken": null,
            "comments": null,
            "advance_amount": 0,
            "ticket_amount": 0,
            "net_amount": 0,
            "lpo_entered_by": null,
            "lpo_entered_name": null,
            "attribute_data": "{\"companion_required\":null,\"department\":\"IT\",\"gender\":\"MALE\",\"nationality\":\"Non-Qatari\",\"project_owner_dep\":\"0606.Office Support\",\"projectDetails\":\"testing\",\"projectName\":\"PERMISSION_TYPE\"}",
            "created_by": "API",
            "creation_date": "2023-07-18T00:00:00Z",
            "last_updated_by": "API",
            "last_update_date": "2023-07-18T14:15:04Z",
            "last_update_login": "1404",
            "date_from": "2024-07-20",
            "date_to": "2024-07-31",
            "emp_id": 1089,
            "emp_number": "1089",
            "emp_name": "Pramod Kumar Meher",
            "email_address": "testpramod@qia.qa",
            "grade_name": "Senior Associate",
            "dept_name": "IT",
            "project_owner_dep": "0606.Office Support",
            "projectname": "PERMISSION_TYPE",
            "projectdetails": "testing",
            "department": "IT",
            "nationality": "Non-Qatari",
            "gender": "MALE",
            "user_group": null,
            "category": null,
            "status": null,
            "interface_status": null,
            "error_message": null,
            "companion_required": null,
            "travel_status": "Approved",
            "approver_id": null,
            "approver_name": null,
            "approver_email_id": null,
            "approver_level": null,
            "approver_number": null,
            "assignment_during_annual_leave": null,
            "travel_source": "Manual",
            "travel_source_disp": "Business Trip Oracle",
            "reference_num": "17107",
            "payment_date": "2023-07-18T00:00:00Z",
            "payment_description": "TR17107"
        }
    ],
    "hasMore": true,
    "limit": 10,
    "offset": 0,
    "count": 10,
    "links": [
        {
            "rel": "self",
            "href": "https://qiaccstst.ocsqia.qa/ords/qiaordswst1/travelservice/searchtravelhdr?ptype=EMP"
        },
        {
            "rel": "describedby",
            "href": "https://qiaccstst.ocsqia.qa/ords/qiaordswst1/metadata-catalog/travelservice/item"
        },
        {
            "rel": "first",
            "href": "https://qiaccstst.ocsqia.qa/ords/qiaordswst1/travelservice/searchtravelhdr?ptype=EMP"
        },
        {
            "rel": "next",
            "href": "https://qiaccstst.ocsqia.qa/ords/qiaordswst1/travelservice/searchtravelhdr?ptype=EMP&offset=10"
        }
    ]
}