{
  "component-dependencies": {
    "oj-sp": {
      "version": "2310.0.1",
      "components": {
        "welcome-page": "2310.0.1",
        "task-card": "2310.0.1",
        "mini-card": "2310.0.1",
        "list-section": "2310.0.1",
        "simple-create-edit": "2310.0.1",
        "message-unsaved-changes": "2310.0.1",
        "attachments-simple": "2310.0.1",
        "attachments-2": "2310.0.1",
        "canvas-page": "2310.0.1",
        "section": "2310.0.1",
        "advanced-create-edit": "2310.0.1",
        "vertical-anchor-navigator": "2310.0.1",
        "pillar-theme": "2310.0.1",
        "header-create-edit": "2310.0.1",
        "primary-action-feedback": "2310.0.1",
        "in-app-navigation": "2310.0.1",
        "general-overview-page": "2310.0.1",
        "information-organizer": "2310.0.1",
        "data-management-page": "2310.0.1",
        "collection-container-advanced": "2310.0.1",
        "general-drawer-template": "2310.0.1",
        "bottom-drawer-template": "2310.0.1",
        "collection-detail-page": "2310.0.1",
        "collection-container": "2310.0.1",
        "list-item-template": "2310.0.1",
        "detail-panel": "2310.0.1",
        "empty-state": "2310.0.1",
        "card": "2310.0.1",
        "message-dialog-general": "2310.0.1",
        "thumbnail": "2310.0.1",
        "skill-chip": "2310.0.1"
      }
    },
    "oj-dynamic": {
      "version": "14.1.2",
      "components": {
        "form": "14.1.2"
      }
    },
    "oj-dcs": {
      "version": "4.0.0",
      "components": {
        "attachment-download": "4.0.0"
      }
    },
    "oj-odcs": {
      "version": "3.29.0",
      "components": {
        "attachment-download": "3.29.0"
      }
    }
  }
 }