{
  "title": "",
  "description": "",
  "variables": {
    "columnDtl": {
      "type": "object[]",
      "defaultValue": [
        {
          "headerText": "Request Number",
          "field": "request_number",
          "resizable": "enabled",
          "template": "edit",
          "width": 171
        },
        {
          "headerText": "Date",
          "field": "creation_date",
          "resizable": "enabled",
          "template": "",
          "width": 160
        },
        {
          "headerText": "Full Name",
          "field": "full_name",
          "template": "",
          "resizable": "enabled",
          "width": 219
        },
        {
          "headerText": "Department Name",
          "field": "dept_name",
          "template": "",
          "resizable": "enabled",
          "width": 241
        },
        {
          "headerText": "Comment",
          "field": "comments",
          "template": "",
          "resizable": "enabled",
          "width": 226
        },
        {
          "headerText": "Status",
          "field": "status",
          "template": "",
          "resizable": "enabled",
          "width": 167
        },
        {
          "headerText": "Delete",
          "field": "",
          "resizable": "enabled",
          "template": "delete",
          "width": 226
        }
      ]
    },
    "searchObj": {
      "type": {
        "fromDate": "string",
        "toDate": "string"
      }
    },
    "searchTable": {
      "type": "any"
    },
    "var_isPopupOpen": {
      "type": "boolean",
      "defaultValue": false
    }

  },
  "metadata": {},
  "types": {},
  "eventListeners": {
    "buttonAction": {
      "chains": [
        {
          "chain": "onClickReset"
        }
      ]
    },
    "iconClick": {
      "chains": [
        {
          "chain": "IconClickChain"
        }
      ]
    },
    "spTemp1SpSecondaryAction": {
      "chains": [
        {
          "chain": "SmartSearchPageTemplateSpSecondaryActionChain",
          "parameters": {
            "actionId": "{{$event.detail.secondaryItem}}"
          }
        }
      ]
    },
    "vbEnter": {
      "chains": [
        {
          "parameters": {},
          "chain": "pageLoad"
        }
      ]
    }

  },
  "imports": {
    "components": {
      "oj-button": {
        "path": "ojs/ojbutton"
      },
      "oj-drawer-popup": {
        "path": "ojs/ojdrawerpopup"
      },
      "oj-form-layout": {
        "path": "ojs/ojformlayout"
      },
      "oj-input-date": {
        "path": "ojs/ojdatetimepicker"
      },
      "oj-input-text": {
        "path": "ojs/ojinputtext"
      },
      "oj-paging-control": {
        "path": "ojs/ojpagingcontrol"
      },
      "oj-sp-smart-search-page": {
        "path": "oj-sp/smart-search-page/loader"
      },
      "oj-table": {
        "path": "ojs/ojtable"
      }

    },
    "modules": {
      "ojValidationDateTime": {
        "path": "ojs/ojvalidation-datetime"
      }
    }
  }
}
