{
    "items": [
        {
            "approvals_hdr_id": 3,
            "payment_terms": null,
            "purchasing_group": null,
            "purchasing_organization": null,
            "title": "PR Approval for 4i Apps Solutions",
            "company_code": null,
            "tdate": null,
            "document_type": null,
            "comments": null,
            "from_date": "2024-02-04T00:00:00Z",
            "to_date": null,
            "group": null,
            "type": null,
            "created_by": null,
            "creation_date": null,
            "last_updated_by": null,
            "last_update_date": null,
            "last_update_login": null
        }
    ],
    "hasMore": false,
    "limit": 0,
    "offset": 0,
    "count": 1,
    "links": [
        {
            "rel": "self",
            "href": "http://4idemo.4iapps.com/ords/haya/requestapplicaton/approvalsbyid/3"
        },
        {
            "rel": "describedby",
            "href": "http://4idemo.4iapps.com/ords/haya/metadata-catalog/requestapplicaton/approvalsbyid/item"
        }
    ]
}