{
  "title": "main check",
  "description": "",
  "variables": {
    "getSearchtravelhdrListSDP": {
      "type": "vb/ServiceDataProvider",
      "defaultValue": {
        "endpoint": "ORDS/getSearchtravelhdr",
        "keyAttributes": "appl_header_id",
        "itemsPath": "items",
        "responseType": "getSearchtravelhdrResponse"
      }
    },
    "selectRow": {
      "type": "any"
    }
  },
  "metadata": {},
  "types": {
    "@decorators.getSearchtravelhdrResponse": {
      "endpoint": "getSearchtravelhdr",
      "service": "ORDS",
      "path": "response"
    },
    "getSearchtravelhdrResponse": {
      "items": [
        {
          "appl_header_id": "number",
          "application_number": "string",
          "emp_number": "string",
          "employee_number": "string",
          "full_name": "string"
        }
      ]
    }
  },
  "eventListeners": {
    "buttonAction": {
      "chains": [
        {
          "chain": "ButtonActionChain"
        }
      ]
    }
  },
  "imports": {
    "components": {
      "oj-button": {
        "path": "ojs/ojbutton"
      },
      "oj-table": {
        "path": "ojs/ojtable"
      }
   }
  }
}