{
  "title": "main",
  "description": "",
  "variables": {
    "currentSelection": {
      "type": "string"
    },
    "disableDeselectAll": {
      "type": "boolean",
      "defaultValue": true
    },
    "getSearchtravelhdrListSDP": {
      "type": "vb/ServiceDataProvider",
      "defaultValue": {
        "endpoint": "ORDS/getSearchtravelhdr",
        "keyAttributes": "appl_header_id",
        "itemsPath": "items",
        "responseType": "getSearchtravelhdrResponse"
      }
    },
    "rowData": {
      "type": "object[]"
    }
  },
  "metadata": {},
  "types": {
    "@decorators.getSearchtravelhdrResponse": {
      "endpoint": "getSearchtravelhdr",
      "service": "ORDS",
      "path": "response"
    },
    "getSearchtravelhdrResponse": {
      "items": [
        {
          "appl_header_id": "number",
          "application_number": "string",
          "application_status": "string",
          "emp_number": "string",
          "full_name": "string",
          "gender": "string"
        }
      ]
    }
  },
  "eventListeners": {
    "multipleTableIdSelected2": {
      "chains": [
        {
          "chain": "TableSelectedChangeChain",
          "parameters": {
            "keys": "{{ $event.detail.value.row.values ? Array.from($event.detail.value.row.values()) : [] }}",
            "selected": "{{ $event.detail.value }}"
          }
        }
      ]
    },
    "vbEnter": {
      "chains": [
        {
          "chain": "onCheck"
        }
      ]
    }
  },
  "imports": {
    "components": {
      "oj-button": {
        "path": "ojs/ojbutton"
      },
      "oj-table": {
        "path": "ojs/ojtable"
      }

   }
  }
}