{
    "request_dtl_id": 45,
    "request__id": 5456,
    "po_header_id": 545,
    "po_number": "po0-00",
    "po_date": "2022-04-04",
    "po_type": "abc",
    "po_description": "test",
    "po_release_no": "456ds",
    "po_amount": 4564,
    "po_inv_balance_amt": 45654,
    "vendor_id": 41564,
    "vendor_name": "aa",
    "agreement_type": "test",
    "agreement_number": "ates",
    "currency_code": "ates",
    "current_invoice_amount": 456,
    "current_invoice_number": "ates-8",
    "current_invoice_description": "456",
    "invoice_date": "2022-05-04",
    "delivery_note_number": "test",
    "payment_term": "net30",
    "wht_amount": 456,
    "wht_type": "aa",
    "wht_comments": "a",
    "netpayable_amount": 5464,
    "grn_number": "456",
    "grn_receipt_date": "2022-05-05",
    "grn_comments": "aggc",
    "grn_quantity": "456",
    "integration_status": "Draft",
    "integration_message": "eer",
    "saas_invoice_id": "456",
    "creation_date": "2020-05-05",
    "created_by": "api",
    "last_update_date": "2020-05-05",
    "last_updated_by": "api",
    "last_update_login": "api"
}