{
    "backends": {
        "BIReport": {
            "servers": [
                {
                    "url": "https://fa-ewnk-dev1-saasfaprod1.fa.ocs.oraclecloud.com:443/xmlpserver/services",
                    "description": "Xmlpserver Services",
                    "x-vb": {
                        "authentication": {
                            "authenticated": {
                                "type": "basic",
                                "credentials": "vb_a0cde771-d67c-4fe8-a0a5-b4c1d509c4b6"
                            }
                        },
                        "forceProxy": "always"
                    }
                }
            ]
        }
      }
}