{
    "request_id": 12,
    "object_version_number": 0,
    "request_number": "intre-001",
    "person_id": "1404",
    "approver_id": "1089",
    "approver_name": "pramod",
    "approver_number": "pramod56",
    "approver_email": "pramod@",
    "approver_level": "1",
    "approver_email_id": "pramod",
    "category": "abc",
    "user_group": "line manager",
    "comments": "ptes",
    "vbcs_instance_id": "dfd4654",
    "status": "Draft",
    "department_id": "4564",
    "department": "it",
    "department_approver": "ere",
    "department_approver_email": "res",
    "department_approver_name": "asdf",
    "approver1": "11",
    "approver2": "11",
    "approver3": "11",
    "approver4": "11",
    "approver5": "11",
    "approver_number_1": "12",
    "approver_number_2": "12",
    "approver_number_3": "12",
    "approver_number_4": "12",
    "approver_number_5": "12",
    "approver_name_1": "13",
    "approver_name_2": "13",
    "approver_name_3": "13",
    "approver_name_4": "13",
    "approver_name_5": "13",
    "approver_email_1": "14",
    "approver_email_2": "14",
    "approver_email_3": "14",
    "approver_email_4": "14",
    "approver_email_5": "14",
    "creation_date": "2024-01-07",
    "created_by": "api",
    "last_update_date": "2024-01-07",
    "last_updated_by": "2024-01-07",
    "last_update_login": "api"
}