id,creationDate,lastUpdateDate,createdBy,lastUpdatedBy,name,description,type1,date1
21,2024-04-03T12:03:28,2024-04-03T12:03:28.025,JOHN.DUNBAR,JOHN.DUNBAR,tst,Some Event Description,1,2024-04-03T12:03:22.206
22,2024-04-03T13:23:15,2024-04-03T13:23:15.017,JOHN.DUNBAR,JOHN.DUNBAR,test,Some Event Description,1,2024-04-03T13:23:10.537
41,2024-04-18T04:59:40,2024-04-18T04:59:40.032,JOHN.DUNBAR,JOHN.DUNBAR,test,Some Event Description,1,2024-04-18T04:59:33.569
42,2024-04-18T05:37:24,2024-04-18T05:37:24.01,JOHN.DUNBAR,JOHN.DUNBAR,check,Some Event Description,1,2024-04-18T05:37:16.637
43,2024-04-18T05:41:11,2024-04-18T05:41:11.01,JOHN.DUNBAR,JOHN.DUNBAR,check2,Some Event Description,1,2024-04-18T05:41:02.652
45,2024-04-18T05:48:21,2024-04-18T05:48:21.024,JOHN.DUNBAR,JOHN.DUNBAR,nandhu,Some Event Description,1,2024-04-18T05:48:13.78
47,2024-04-18T05:54:09,2024-04-18T05:54:09.008,JOHN.DUNBAR,JOHN.DUNBAR,check89,Some Event Description,1,2024-04-18T05:54:02.858
48,2024-04-18T05:56:34,2024-04-18T05:56:34.018,JOHN.DUNBAR,JOHN.DUNBAR,chk,Some Event Description,1,2024-04-18T05:56:27.378
49,2024-04-18T06:10:53,2024-04-18T06:10:53.009,JOHN.DUNBAR,JOHN.DUNBAR,thu,Some Event Description,1,2024-04-18T06:10:47.886
50,2024-04-18T06:20:22,2024-04-18T06:20:22.01,JOHN.DUNBAR,JOHN.DUNBAR,hji,Some Event Description,1,2024-04-18T06:20:15.69
51,2024-04-18T09:26:24,2024-04-18T09:26:24.017,JOHN.DUNBAR,JOHN.DUNBAR,the,Some Event Description,1,2024-04-18T09:26:14.505
52,2024-04-18T09:28:34,2024-04-18T09:28:34.009,JOHN.DUNBAR,JOHN.DUNBAR,the,Some Event Description,1,2024-04-18T09:28:26.222
53,2024-04-18T09:33:24,2024-04-18T09:33:24.009,JOHN.DUNBAR,JOHN.DUNBAR,demo12,Some Event Description,1,2024-04-18T09:33:16.754
54,2024-04-18T09:37:34,2024-04-18T09:37:34.007,JOHN.DUNBAR,JOHN.DUNBAR,nandhu67,Some Event Description,1,2024-04-18T09:37:28.43
55,2024-04-18T09:38:21,2024-04-18T09:38:21.008,JOHN.DUNBAR,JOHN.DUNBAR,nandhu78,Some Event Description,1,2024-04-18T09:38:15.044
56,2024-04-18T09:47:19,2024-04-18T09:47:19.009,JOHN.DUNBAR,JOHN.DUNBAR,hai,Some Event Description,1,2024-04-18T09:47:14.458
57,2024-04-22T10:46:36,2024-04-22T10:46:36.021,JOHN.DUNBAR,JOHN.DUNBAR,hai,Some Event Description,1,2024-04-22T10:46:26.749
58,2024-04-22T10:47:00,2024-04-22T10:47:00.009,JOHN.DUNBAR,JOHN.DUNBAR,hello,Some Event Description,1,2024-04-22T10:46:55.46
59,2024-04-22T10:47:39,2024-04-22T10:47:39.014,JOHN.DUNBAR,JOHN.DUNBAR,hello,Some Event Description,1,2024-04-22T10:47:33.241
60,2024-04-22T10:52:24,2024-04-22T10:52:24.021,JOHN.DUNBAR,JOHN.DUNBAR,test567,Some Event Description,1,2024-04-22T10:52:09.538
61,2024-04-30T06:31:12,2024-04-30T06:31:12.019,JOHN.DUNBAR,JOHN.DUNBAR,HELLO,Some Event Description,1,2024-04-30T06:31:06.206
62,2024-04-30T06:36:16,2024-04-30T06:36:16.016,JOHN.DUNBAR,JOHN.DUNBAR,HELLO,Some Event Description,1,2024-04-30T06:36:09.455
63,2024-04-30T06:36:27,2024-04-30T06:36:27.007,JOHN.DUNBAR,JOHN.DUNBAR,ELLL,Some Event Description,1,2024-04-30T06:36:22.074
64,2024-04-30T06:37:22,2024-04-30T06:37:22.024,JOHN.DUNBAR,JOHN.DUNBAR,TEST,Some Event Description,1,2024-04-30T06:37:13.542
66,2024-04-30T06:45:46,2024-04-30T06:45:46.011,JOHN.DUNBAR,JOHN.DUNBAR,hai,Some Event Description,1,2024-04-30T06:45:35.67
67,2024-04-30T06:51:46,2024-04-30T06:51:46.008,JOHN.DUNBAR,JOHN.DUNBAR,test,Some Event Description,1,2024-04-30T06:51:19.471
