{
    "openapi": "3.0.0",
    "info": {
        "title": "Requests",
        "version": "1.0.0"
    },
    "servers": [
        {
            "url": "vb-catalog://backends/RequestApplication"
        }
    ],
    "paths": {
        "/requestapplicaton/approvalslist": {
            "get": {
                "operationId": "getRequestapplicatonApprovalslist",
                "responses": {
                    "default": {
                        "description": "Response for default",
                        "content": {
                            "application/json": {
                                "schema": {
                                    "$ref": "#/components/schemas/GetRequestapplicatonApprovalslist"
                                },
                                "examples": {
                                    "vb": {
                                        "summary": "Example stored by VB User",
                                        "externalValue": "./examples/getRequestapplicatonApprovalslist/response_default_application_json_vb.json"
                                    }
                                }
                            }
                        }
                    }
                },
                "x-vb": {
                    "actionHint": "getMany"
                }
            }
        },
        "/requestapplicaton/approvalsbyid/{Approvals_Id}": {
            "parameters": [
                {
                    "name": "Approvals_Id",
                    "in": "path",
                    "required": true,
                    "schema": {
                        "type": "string"
                    }
                }
            ],
            "get": {
                "operationId": "getApprovalsbyid",
                "parameters": [],
                "responses": {
                    "default": {
                        "description": "Response for default",
                        "content": {
                            "application/json": {
                                "schema": {
                                    "$ref": "#/components/schemas/GetRequestapplicatonApprovalsbyidApprovals_Id"
                                },
                                "examples": {
                                    "vb": {
                                        "summary": "Example stored by VB User",
                                        "externalValue": "./examples/getApprovalsbyid/response_default_application_json_vb.json"
                                    }
                                }
                            }
                        }
                    }
                },
                "x-vb": {
                    "actionHint": "getOne"
                }
            }
        },
        "/requestapplicaton/findby/lookup/{lookuptypecode}": {
            "parameters": [
                {
                    "name": "lookuptypecode",
                    "in": "path",
                    "required": true,
                    "schema": {
                        "type": "string"
                    }
                }
            ],
            "get": {
                "operationId": "getlookup",
                "responses": {
                    "default": {
                        "description": "Response for default",
                        "content": {
                            "application/json": {
                                "schema": {
                                    "$ref": "#/components/schemas/GetRequestapplicatonFindbyLookupLookuptypecode"
                                },
                                "examples": {
                                    "vb": {
                                        "summary": "Example stored by VB User",
                                        "externalValue": "./examples/getlookup/response_default_application_json_vb.json"
                                    }
                                }
                            }
                        }
                    }
                },
                "x-vb": {
                    "actionHint": "getMany"
                }
            }
        },
        "/requestapplicaton/leaverequest/{P_METHOD}/{P_PRIMARYKEY}": {
            "parameters": [
                {
                    "name": "P_METHOD",
                    "in": "path",
                    "required": true,
                    "schema": {
                        "type": "string"
                    }
                },
                {
                    "name": "P_PRIMARYKEY",
                    "in": "path",
                    "required": true,
                    "schema": {
                        "type": "string"
                    }
                }
            ],
            "post": {
                "operationId": "postRequestapplicatonLeaverequest",
                "requestBody": {
                    "description": "Request for application/json",
                    "content": {
                        "application/json": {
                            "examples": {
                                "vb": {
                                    "summary": "Example stored by VB User",
                                    "externalValue": "./examples/postRequestapplicatonLeaverequest/request_application_json_vb.json"
                                }
                            }
                        }
                    }
                },
                "responses": {
                    "default": {
                        "description": "Response for default",
                        "content": {
                            "application/json": {
                                "schema": {
                                    "$ref": "#/components/schemas/PostRequestapplicatonLeaverequestP_METHODP_PRIMARYKEYResponse"
                                },
                                "examples": {
                                    "vb": {
                                        "summary": "Example stored by VB User",
                                        "externalValue": "./examples/postRequestapplicatonLeaverequest/response_default_application_json_vb.json"
                                    }
                                }
                            }
                        }
                    }
                },
                "x-vb": {
                    "actionHint": "create"
                }
            }
        },
        "/requestapplicaton/pkg/attachmentdoc": {
            "post": {
                "operationId": "postRequestapplicatonAttachment",
                "parameters": [
                    {
                        "name": "P_DOCUMENT_NAME",
                        "in": "query",
                        "schema": {
                            "type": "string"
                        }
                    },
                    {
                        "name": "P_DOCUMENT_CATEGORY",
                        "in": "query",
                        "schema": {
                            "type": "string"
                        }
                    },
                    {
                        "name": "P_DOCUMENT_TYPE",
                        "in": "query",
                        "schema": {
                            "type": "string"
                        }
                    },
                    {
                        "name": "P_DESCRIPTION",
                        "in": "query",
                        "schema": {
                            "type": "string"
                        }
                    },
                    {
                        "name": "P_REQ_CODE",
                        "in": "query",
                        "schema": {
                            "type": "string"
                        }
                    },
                    {
                        "name": "P_REQ_HDR_ID",
                        "in": "query",
                        "schema": {
                            "type": "string"
                        }
                    },
                    {
                        "name": "P_CREATED_BY",
                        "in": "query",
                        "schema": {
                            "type": "string"
                        }
                    }
                ],
                "requestBody": {
                    "content": {
                        "application/octet-stream": {
                            "schema": {
                                "$ref": "#/components/schemas/PostRequestapplicatonPkgAttachmentdocRequest"
                            }
                        }
                    }
                },
                "responses": {
                    "default": {
                        "description": "Response for default",
                        "content": {
                            "application/json": {
                                "schema": {
                                    "$ref": "#/components/schemas/PostRequestapplicatonPkgAttachmentdocResponse"
                                },
                                "examples": {
                                    "vb": {
                                        "summary": "Example stored by VB User",
                                        "externalValue": "./examples/postRequestapplicatonAttachment/response_default_application_json_vb.json"
                                    }
                                }
                            }
                        }
                    }
                },
                "x-vb": {
                    "actionHint": "getMany"
                }
            }
        },
        "/requestapplicaton/pkg/downloadfile": {
            "get": {
                "operationId": "getPkgDownloadfile",
                "parameters": [
                    {
                        "name": "pdocumentid",
                        "in": "query",
                        "schema": {
                            "type": "string"
                        }
                    },
                    {
                        "name": "pReqhdrid",
                        "in": "query",
                        "schema": {
                            "type": "string"
                        }
                    }
                ],
                "responses": {
                    "default": {
                        "description": "Response for default",
                        "content": {
                            "application/json": {
                                "schema": {
                                    "$ref": "#/components/schemas/GetRequestapplicatonPkgDownloadfile"
                                },
                                "examples": {
                                    "vb": {
                                        "summary": "Example stored by VB User",
                                        "externalValue": "./examples/getPkgDownloadfile/response_default_application_json_vb.json"
                                    }
                                }
                            }
                        }
                    }
                },
                "x-vb": {
                    "actionHint": "getMany"
                }
            }
        },
        "/requestapplicaton/getpayslip/bymonth": {
            "get": {
                "operationId": "getpayslipBymonth",
                "parameters": [
                    {
                        "name": "p_month_id",
                        "in": "query",
                        "schema": {
                            "type": "string"
                        }
                    }
                ],
                "responses": {
                    "default": {
                        "description": "Response for default",
                        "content": {
                            "application/json": {
                                "schema": {
                                    "$ref": "#/components/schemas/GetRequestapplicatonGetpayslipBymonth"
                                },
                                "examples": {
                                    "vb": {
                                        "summary": "Example stored by VB User",
                                        "externalValue": "./examples/getpayslipBymonth/response_default_application_json_vb.json"
                                    }
                                }
                            }
                        }
                    }
                },
                "x-vb": {
                    "actionHint": "getMany"
                }
            }
        },
        "/requestapplicaton/getpayslip/{pmonth_id}": {
            "parameters": [
                {
                    "name": "pmonth_id",
                    "in": "path",
                    "required": true,
                    "schema": {
                        "type": "string"
                    }
                }
            ],
            "get": {
                "operationId": "getPayslipByMonthId",
                "responses": {
                    "default": {
                        "description": "Response for default",
                        "content": {
                            "application/json": {
                                "schema": {
                                    "$ref": "#/components/schemas/GetRequestapplicatonGetpayslipPmonth_id"
                                },
                                "examples": {
                                    "vb": {
                                        "summary": "Example stored by VB User",
                                        "externalValue": "./examples/getPayslipByMonthId/response_default_application_json_vb.json"
                                    }
                                }
                            }
                        }
                    }
                },
                "x-vb": {
                    "actionHint": "getOne"
                }
            }
        },
        "/requestapplicaton/travelrequest/{P_METHOD}/{P_PRIMARYKEY}": {
            "parameters": [
                {
                    "name": "P_METHOD",
                    "in": "path",
                    "required": true,
                    "schema": {
                        "type": "string"
                    }
                },
                {
                    "name": "P_PRIMARYKEY",
                    "in": "path",
                    "required": true,
                    "schema": {
                        "type": "string"
                    }
                }
            ],
            "post": {
                "operationId": "postTravelrequest",
                "requestBody": {
                    "description": "Request for application/json",
                    "content": {
                        "application/json": {
                            "schema": {
                                "$ref": "#/components/schemas/PostRequestapplicatonTravelrequestP_METHODP_PRIMARYKEYRequest"
                            },
                            "examples": {
                                "vb": {
                                    "summary": "Example stored by VB User",
                                    "externalValue": "./examples/postTravelrequest/request_application_json_vb.json"
                                }
                            }
                        }
                    }
                },
                "responses": {
                    "default": {
                        "description": "Response for default",
                        "content": {
                            "application/json": {
                                "schema": {
                                    "$ref": "#/components/schemas/PostRequestapplicatonTravelrequestP_METHODP_PRIMARYKEYResponse"
                                },
                                "examples": {
                                    "vb": {
                                        "summary": "Example stored by VB User",
                                        "externalValue": "./examples/postTravelrequest/response_default_application_json_vb.json"
                                    }
                                }
                            }
                        }
                    }
                },
                "x-vb": {
                    "actionHint": "getMany"
                }
            }
        },
        "/requestapplicaton/get/employees": {
            "get": {
                "operationId": "getRequestapplicatonGetEmployees",
                "parameters": [
                    {
                        "name": "email",
                        "in": "query",
                        "schema": {
                            "type": "string"
                        }
                    },
                    {
                        "name": "user_id",
                        "in": "query",
                        "schema": {
                            "type": "string"
                        }
                    },
                    {
                        "name": "name",
                        "in": "query",
                        "schema": {
                            "type": "string"
                        }
                    }
                ],
                "responses": {
                    "default": {
                        "description": "Response for default",
                        "content": {
                            "application/json": {
                                "schema": {
                                    "$ref": "#/components/schemas/GetRequestapplicatonGetEmployees"
                                },
                                "examples": {
                                    "vb": {
                                        "summary": "Example stored by VB User",
                                        "externalValue": "./examples/getRequestapplicatonGetEmployees/response_default_application_json_vb.json"
                                    }
                                }
                            }
                        }
                    }
                },
                "x-vb": {
                    "actionHint": "getMany"
                }
            }
        }
    },
    "components": {
        "schemas": {
            "GetRequestapplicatonApprovalslist": {
                "type": "object",
                "properties": {
                    "items": {
                        "type": "array",
                        "items": {
                            "type": "object",
                            "properties": {
                                "approvals_hdr_id": {
                                    "type": "integer"
                                },
                                "payment_terms": {
                                    "type": "string"
                                },
                                "purchasing_group": {
                                    "type": "string"
                                },
                                "purchasing_organization": {
                                    "type": "string"
                                },
                                "title": {
                                    "type": "string"
                                },
                                "company_code": {
                                    "nullable": true
                                },
                                "tdate": {
                                    "nullable": true
                                },
                                "document_type": {
                                    "nullable": true
                                },
                                "comments": {
                                    "type": "string",
                                    "nullable": true
                                },
                                "from_date": {
                                    "type": "string"
                                },
                                "to_date": {
                                    "type": "string",
                                    "nullable": true
                                },
                                "group": {
                                    "type": "string",
                                    "nullable": true
                                },
                                "type": {
                                    "type": "string",
                                    "nullable": true
                                },
                                "created_by": {
                                    "nullable": true
                                },
                                "creation_date": {
                                    "nullable": true
                                },
                                "last_updated_by": {
                                    "nullable": true
                                },
                                "last_update_date": {
                                    "nullable": true
                                },
                                "last_update_login": {
                                    "nullable": true
                                }
                            }
                        }
                    },
                    "hasMore": {
                        "type": "boolean"
                    },
                    "limit": {
                        "type": "integer"
                    },
                    "offset": {
                        "type": "integer"
                    },
                    "count": {
                        "type": "integer"
                    },
                    "links": {
                        "type": "array",
                        "items": {
                            "type": "object",
                            "properties": {
                                "rel": {
                                    "type": "string"
                                },
                                "href": {
                                    "type": "string"
                                }
                            }
                        }
                    }
                }
            },
            "GetRequestapplicatonApprovalsbyid": {
                "type": "object",
                "properties": {
                    "items": {
                        "type": "array",
                        "items": {
                            "type": "object",
                            "properties": {
                                "approvals_hdr_id": {
                                    "type": "integer"
                                },
                                "payment_terms": {
                                    "nullable": true
                                },
                                "purchasing_group": {
                                    "nullable": true
                                },
                                "purchasing_organization": {
                                    "nullable": true
                                },
                                "title": {
                                    "type": "string"
                                },
                                "company_code": {
                                    "nullable": true
                                },
                                "tdate": {
                                    "nullable": true
                                },
                                "document_type": {
                                    "nullable": true
                                },
                                "comments": {
                                    "type": "string"
                                },
                                "from_date": {
                                    "type": "string"
                                },
                                "to_date": {
                                    "type": "string"
                                },
                                "group": {
                                    "type": "string"
                                },
                                "type": {
                                    "type": "string"
                                },
                                "created_by": {
                                    "nullable": true
                                },
                                "creation_date": {
                                    "nullable": true
                                },
                                "last_updated_by": {
                                    "nullable": true
                                },
                                "last_update_date": {
                                    "nullable": true
                                },
                                "last_update_login": {
                                    "nullable": true
                                }
                            }
                        }
                    },
                    "hasMore": {
                        "type": "boolean"
                    },
                    "limit": {
                        "type": "integer"
                    },
                    "offset": {
                        "type": "integer"
                    },
                    "count": {
                        "type": "integer"
                    },
                    "links": {
                        "type": "array",
                        "items": {
                            "type": "object",
                            "properties": {
                                "rel": {
                                    "type": "string"
                                },
                                "href": {
                                    "type": "string"
                                }
                            }
                        }
                    }
                }
            },
            "GetRequestapplicatonApprovalsbyidApprovals_hdr_id": {
                "type": "object",
                "properties": {
                    "items": {
                        "type": "array",
                        "items": {
                            "type": "object",
                            "properties": {
                                "approvals_hdr_id": {
                                    "type": "integer"
                                },
                                "payment_terms": {
                                    "type": "string"
                                },
                                "purchasing_group": {
                                    "type": "string"
                                },
                                "purchasing_organization": {
                                    "type": "string"
                                },
                                "title": {
                                    "type": "string"
                                },
                                "company_code": {
                                    "nullable": true
                                },
                                "tdate": {
                                    "nullable": true
                                },
                                "document_type": {
                                    "nullable": true
                                },
                                "comments": {
                                    "nullable": true
                                },
                                "from_date": {
                                    "type": "string"
                                },
                                "to_date": {
                                    "nullable": true
                                },
                                "group": {
                                    "type": "string"
                                },
                                "type": {
                                    "nullable": true
                                },
                                "created_by": {
                                    "nullable": true
                                },
                                "creation_date": {
                                    "nullable": true
                                },
                                "last_updated_by": {
                                    "nullable": true
                                },
                                "last_update_date": {
                                    "nullable": true
                                },
                                "last_update_login": {
                                    "nullable": true
                                }
                            }
                        }
                    },
                    "hasMore": {
                        "type": "boolean"
                    },
                    "limit": {
                        "type": "integer"
                    },
                    "offset": {
                        "type": "integer"
                    },
                    "count": {
                        "type": "integer"
                    },
                    "links": {
                        "type": "array",
                        "items": {
                            "type": "object",
                            "properties": {
                                "rel": {
                                    "type": "string"
                                },
                                "href": {
                                    "type": "string"
                                }
                            }
                        }
                    }
                }
            },
            "GetRequestapplicatonApprovalsbyidApprovals_Id": {
                "type": "object",
                "properties": {
                    "items": {
                        "type": "array",
                        "items": {
                            "type": "object",
                            "properties": {
                                "approvals_hdr_id": {
                                    "type": "integer"
                                },
                                "payment_terms": {
                                    "nullable": true
                                },
                                "purchasing_group": {
                                    "nullable": true
                                },
                                "purchasing_organization": {
                                    "nullable": true
                                },
                                "title": {
                                    "type": "string"
                                },
                                "company_code": {
                                    "nullable": true
                                },
                                "tdate": {
                                    "nullable": true
                                },
                                "document_type": {
                                    "nullable": true
                                },
                                "comments": {
                                    "nullable": true
                                },
                                "from_date": {
                                    "type": "string"
                                },
                                "to_date": {
                                    "nullable": true
                                },
                                "group": {
                                    "nullable": true
                                },
                                "type": {
                                    "nullable": true
                                },
                                "created_by": {
                                    "nullable": true
                                },
                                "creation_date": {
                                    "nullable": true
                                },
                                "last_updated_by": {
                                    "nullable": true
                                },
                                "last_update_date": {
                                    "nullable": true
                                },
                                "last_update_login": {
                                    "nullable": true
                                }
                            }
                        }
                    },
                    "hasMore": {
                        "type": "boolean"
                    },
                    "limit": {
                        "type": "integer"
                    },
                    "offset": {
                        "type": "integer"
                    },
                    "count": {
                        "type": "integer"
                    },
                    "links": {
                        "type": "array",
                        "items": {
                            "type": "object",
                            "properties": {
                                "rel": {
                                    "type": "string"
                                },
                                "href": {
                                    "type": "string"
                                }
                            }
                        }
                    }
                }
            },
            "GetRequestapplicatonFindbyLookupLookuptypecode": {
                "type": "object",
                "properties": {
                    "items": {
                        "type": "array",
                        "items": {
                            "type": "object",
                            "properties": {
                                "lookup_value_id": {
                                    "type": "integer"
                                },
                                "lookup_type_id": {
                                    "type": "integer"
                                },
                                "lookup_value_name": {
                                    "type": "string"
                                },
                                "lookup_value_name_disp": {
                                    "type": "string"
                                },
                                "lookup_value_name_disp_ar": {
                                    "type": "string"
                                },
                                "child_lookup_type_id": {
                                    "nullable": true
                                },
                                "lookup_type_name": {
                                    "type": "string"
                                },
                                "lookup_type_name_disp": {
                                    "type": "string"
                                },
                                "lookup_type_name_disp_ar": {
                                    "nullable": true
                                },
                                "lookup_type_names": {
                                    "type": "string"
                                },
                                "lookup_type_name_disps": {
                                    "type": "string"
                                },
                                "lookup_type_name_disp_ars": {
                                    "nullable": true
                                },
                                "created_by": {
                                    "type": "string"
                                },
                                "creation_date": {
                                    "type": "string"
                                },
                                "last_updated_by": {
                                    "type": "string"
                                },
                                "last_update_date": {
                                    "type": "string"
                                },
                                "last_update_login": {
                                    "type": "string"
                                }
                            }
                        }
                    },
                    "hasMore": {
                        "type": "boolean"
                    },
                    "limit": {
                        "type": "integer"
                    },
                    "offset": {
                        "type": "integer"
                    },
                    "count": {
                        "type": "integer"
                    },
                    "links": {
                        "type": "array",
                        "items": {
                            "type": "object",
                            "properties": {
                                "rel": {
                                    "type": "string"
                                },
                                "href": {
                                    "type": "string"
                                }
                            }
                        }
                    }
                }
            },
            "PostRequestapplicatonLeaverequestP_METHODP_PRIMARYKEYResponse": {
                "type": "object",
                "properties": {
                    "p_err_code": {
                        "type": "string"
                    },
                    "p_err_msg": {
                        "type": "string"
                    },
                    "p_primarykey": {
                        "type": "integer"
                    }
                }
            },
            "PostRequestapplicatonPkgAttachmentdocRequest": {
                "type": "string",
                "format": "binary"
            },
            "PostRequestapplicatonPkgAttachmentdocResponse": {
                "type": "object",
                "properties": {
                    "p_primarykey": {
                        "type": "integer"
                    },
                    "p_err_msg": {
                        "type": "string"
                    },
                    "p_status": {
                        "type": "string"
                    }
                }
            },
            "GetRequestapplicatonPkgDownloadfile": {
                "type": "object",
                "properties": {
                    "items": {
                        "type": "array",
                        "items": {
                            "type": "object",
                            "properties": {
                                "document_id": {
                                    "type": "integer"
                                },
                                "document_name": {
                                    "type": "string"
                                },
                                "document_category": {
                                    "type": "string"
                                },
                                "document_type": {
                                    "type": "string"
                                },
                                "description": {
                                    "type": "string"
                                },
                                "document_file": {
                                    "nullable": true
                                },
                                "req_code": {
                                    "type": "string"
                                },
                                "req_hdr_id": {
                                    "type": "integer"
                                },
                                "document_guid": {
                                    "nullable": true
                                },
                                "attribute_data": {
                                    "nullable": true
                                },
                                "created_by": {
                                    "type": "string"
                                },
                                "creation_date": {
                                    "type": "string"
                                },
                                "last_updated_by": {
                                    "type": "string"
                                },
                                "last_update_date": {
                                    "type": "string"
                                },
                                "last_update_login": {
                                    "type": "string"
                                }
                            }
                        }
                    },
                    "hasMore": {
                        "type": "boolean"
                    },
                    "limit": {
                        "type": "integer"
                    },
                    "offset": {
                        "type": "integer"
                    },
                    "count": {
                        "type": "integer"
                    },
                    "links": {
                        "type": "array",
                        "items": {
                            "type": "object",
                            "properties": {
                                "rel": {
                                    "type": "string"
                                },
                                "href": {
                                    "type": "string"
                                }
                            }
                        }
                    }
                }
            },
            "GetRequestapplicatonGetpayslipBymonth": {
                "type": "object",
                "properties": {
                    "items": {
                        "type": "array",
                        "items": {
                            "type": "object",
                            "properties": {
                                "payslip_hdr_id": {
                                    "type": "integer"
                                },
                                "earnings": {
                                    "type": "string"
                                },
                                "basic_salary": {
                                    "type": "string"
                                },
                                "holiday_leave_pay": {
                                    "type": "string"
                                },
                                "deductions": {
                                    "type": "string"
                                },
                                "mpf_employee_voluntary_contribution": {
                                    "type": "string"
                                },
                                "netpay": {
                                    "type": "string"
                                },
                                "employee_id": {
                                    "nullable": true
                                },
                                "month_id": {
                                    "type": "integer"
                                },
                                "created_by": {
                                    "type": "string"
                                },
                                "creation_date": {
                                    "type": "string"
                                },
                                "last_updated_by": {
                                    "type": "string"
                                },
                                "last_update_date": {
                                    "type": "string"
                                },
                                "last_update_login": {
                                    "type": "string"
                                }
                            }
                        }
                    },
                    "hasMore": {
                        "type": "boolean"
                    },
                    "limit": {
                        "type": "integer"
                    },
                    "offset": {
                        "type": "integer"
                    },
                    "count": {
                        "type": "integer"
                    },
                    "links": {
                        "type": "array",
                        "items": {
                            "type": "object",
                            "properties": {
                                "rel": {
                                    "type": "string"
                                },
                                "href": {
                                    "type": "string"
                                }
                            }
                        }
                    }
                }
            },
            "GetRequestapplicatonGetpayslipPmonth_id": {
                "type": "object",
                "properties": {
                    "items": {
                        "type": "array",
                        "items": {
                            "type": "object",
                            "properties": {
                                "payslip_hdr_id": {
                                    "type": "integer"
                                },
                                "earnings": {
                                    "type": "string"
                                },
                                "basic_salary": {
                                    "type": "string"
                                },
                                "holiday_leave_pay": {
                                    "type": "string"
                                },
                                "deductions": {
                                    "type": "string"
                                },
                                "mpf_employee_voluntary_contribution": {
                                    "type": "string"
                                },
                                "netpay": {
                                    "type": "string"
                                },
                                "employee_id": {
                                    "nullable": true
                                },
                                "month_id": {
                                    "type": "integer"
                                },
                                "created_by": {
                                    "type": "string"
                                },
                                "creation_date": {
                                    "type": "string"
                                },
                                "last_updated_by": {
                                    "type": "string"
                                },
                                "last_update_date": {
                                    "type": "string"
                                },
                                "last_update_login": {
                                    "type": "string"
                                }
                            }
                        }
                    },
                    "hasMore": {
                        "type": "boolean"
                    },
                    "limit": {
                        "type": "integer"
                    },
                    "offset": {
                        "type": "integer"
                    },
                    "count": {
                        "type": "integer"
                    },
                    "links": {
                        "type": "array",
                        "items": {
                            "type": "object",
                            "properties": {
                                "rel": {
                                    "type": "string"
                                },
                                "href": {
                                    "type": "string"
                                }
                            }
                        }
                    }
                }
            },
            "PostRequestapplicatonTravelrequestP_METHODP_PRIMARYKEYResponse": {
                "type": "object",
                "properties": {
                    "p_err_code": {
                        "type": "string"
                    },
                    "p_err_msg": {
                        "type": "string"
                    },
                    "p_primarykey": {
                        "type": "integer"
                    }
                }
            },
            "PostRequestapplicatonTravelrequestP_METHODP_PRIMARYKEYRequest": {
                "type": "object",
                "properties": {
                    "travel_hdr_id": {
                        "type": "integer"
                    },
                    "travel_type": {
                        "type": "string"
                    },
                    "event_location": {
                        "type": "string"
                    },
                    "project": {
                        "type": "string"
                    },
                    "from_date": {
                        "type": "string"
                    },
                    "to_date": {
                        "type": "string"
                    },
                    "efrom_date": {
                        "type": "string"
                    },
                    "eto_date": {
                        "type": "string"
                    },
                    "vendor_name": {
                        "type": "string"
                    },
                    "travel_arrangement_type": {
                        "type": "string"
                    },
                    "companion_status": {
                        "type": "string"
                    },
                    "accommodation_arrangements": {
                        "type": "string"
                    },
                    "nearest_airport_for_destination": {
                        "type": "string"
                    },
                    "city_of_destination": {
                        "type": "string"
                    },
                    "flight_preference": {
                        "type": "string"
                    },
                    "departure_preference": {
                        "type": "string"
                    },
                    "fcomments": {
                        "type": "string"
                    }
                }
            },
            "GetRequestapplicatonGetEmployees": {
                "type": "object",
                "properties": {
                    "items": {
                        "type": "array",
                        "items": {
                            "type": "object",
                            "properties": {
                                "user_id": {
                                    "type": "integer"
                                },
                                "name": {
                                    "type": "string"
                                },
                                "email": {
                                    "type": "string"
                                },
                                "contact": {
                                    "type": "integer"
                                }
                            }
                        }
                    },
                    "hasMore": {
                        "type": "boolean"
                    },
                    "limit": {
                        "type": "integer"
                    },
                    "offset": {
                        "type": "integer"
                    },
                    "count": {
                        "type": "integer"
                    },
                    "links": {
                        "type": "array",
                        "items": {
                            "type": "object",
                            "properties": {
                                "rel": {
                                    "type": "string"
                                },
                                "href": {
                                    "type": "string"
                                }
                            }
                        }
                    }
                }
            }
        }
    }
}