{
  "description": "Submit form data",
  "variables": {},
  "root": "callRestPostTravelrequest",
  "actions": {

    "resetDirtyDataFlag": {
      "module": "vb/action/builtin/resetVariablesAction",
      "parameters": {
        "variables": [
          "$page.variables.dirtyDataFlag"
        ]
      },
      "outcomes": {
        "success": "setVariableIsSaved"
      }
    },
    "setVariableIsSaved": {
      "module": "vb/action/builtin/assignVariablesAction",
      "parameters": {
        "$page.variables.isSaved": {
          "source": true,
          "auto": "always"
        }
      }
    },
    "fireNotification": {
      "module": "vb/action/builtin/fireNotificationEventAction",
      "parameters": {
        "target": "leaf",
        "summary": "[[ $chain.results.callRestPostTravelrequest.message.summary ]]",
        "type": "error",
        "displayMode": "persist"
      }
    },
    "callRestPostTravelrequest": {
      "module": "vb/action/builtin/restAction",
      "parameters": {
        "endpoint": "RequestApplication/postTravelrequest",
        "uriParams": {
          "P_METHOD": "POST",
          "P_PRIMARYKEY": "0"
        },
        "body": "{{ $page.variables.postTravelObj }}"
      },
      "outcomes": {
        "success": "resetDirtyDataFlag",
        "failure": "fireNotification"
      }
    }
  }
}