{
  "description": "Notify primary action is triggered",
  "variables": {
    "detail": {
      "type": "any",
      "input": "fromCaller",
      "required": true
    }
  },
  "root": "callChainSpSaveChain",
  "actions": {
    "callComponentD2Open": {
      "module": "vb/action/builtin/callComponentMethodAction",
      "parameters": {
        "component": "{{ document.getElementById('d2') }}",
        "method": "open"
      }
    },
    "callChainSpSaveChain": {
      "module": "vb/action/builtin/callChainAction",
      "parameters": {
        "id": "spSaveChain"
      },
      "outcomes": {
        "success": "callComponentD2Open"
      }
    }
  }
}