{
    "items": [
        {
            "user_id": 2,
            "name": "Jane Smith",
            "email": "jane@example.com",
            "contact": 9876543210
        }
    ],
    "hasMore": false,
    "limit": 0,
    "offset": 0,
    "count": 1,
    "links": [
        {
            "rel": "self",
            "href": "http://4idemo.4iapps.com/ords/haya/requestapplicaton/get/employees?name=Jane+Smith"
        },
        {
            "rel": "describedby",
            "href": "http://4idemo.4iapps.com/ords/haya/metadata-catalog/requestapplicaton/get/item"
        }
    ]
}