{
    "openapi": "3.0.0",
    "info": {
        "title": "Ords Qiaordswst1",
        "version": "1.0.0"
    },
    "servers": [
        {
            "url": "vb-catalog://backends/ORDS"
        }
    ],
    "paths": {
        "/searchtravelhdr": {
            "get": {
                "operationId": "getSearchtravelhdr",
                "parameters": [],
                "responses": {
                    "default": {
                        "description": "Response for default",
                        "content": {
                            "application/json": {
                                "schema": {
                                    "$ref": "#/components/schemas/GetSearchtravelhdr"
                                },
                                "examples": {
                                    "vb": {
                                        "summary": "Example stored by VB User",
                                        "externalValue": "./examples/getSearchtravelhdr/response_default_application_json_vb.json"
                                    }
                                }
                            }
                        }
                    }
                },
                "x-vb": {
                    "actionHint": "getMany",
                    "queryParameters": {
                        "ptype": "EMP"
                    }
                }
            }
        }
    },
    "components": {
        "schemas": {
            "GetSearchtravelhdr": {
                "type": "object",
                "properties": {
                    "items": {
                        "type": "array",
                        "items": {
                            "type": "object",
                            "properties": {
                                "appl_header_id": {
                                    "type": "integer"
                                },
                                "object_version_num": {
                                    "type": "integer"
                                },
                                "application_number": {
                                    "type": "string"
                                },
                                "application_date": {
                                    "type": "string"
                                },
                                "employee_number": {
                                    "type": "string"
                                },
                                "full_name": {
                                    "type": "string"
                                },
                                "grade": {
                                    "type": "string"
                                },
                                "application_status": {
                                    "type": "string"
                                },
                                "perdiem_yes_no": {
                                    "type": "string"
                                },
                                "ticket_type": {
                                    "type": "string"
                                },
                                "destination": {
                                    "type": "string"
                                },
                                "lpo_number": {
                                    "nullable": true
                                },
                                "country_type": {
                                    "nullable": true
                                },
                                "advance_taken": {
                                    "nullable": true
                                },
                                "comments": {
                                    "type": "string"
                                },
                                "advance_amount": {
                                    "type": "integer"
                                },
                                "ticket_amount": {
                                    "type": "integer"
                                },
                                "net_amount": {
                                    "type": "integer"
                                },
                                "lpo_entered_by": {
                                    "nullable": true
                                },
                                "lpo_entered_name": {
                                    "nullable": true
                                },
                                "attribute_data": {
                                    "type": "string"
                                },
                                "created_by": {
                                    "type": "string"
                                },
                                "creation_date": {
                                    "type": "string"
                                },
                                "last_updated_by": {
                                    "type": "string"
                                },
                                "last_update_date": {
                                    "type": "string"
                                },
                                "last_update_login": {
                                    "type": "string"
                                },
                                "date_from": {
                                    "type": "string"
                                },
                                "date_to": {
                                    "type": "string"
                                },
                                "emp_id": {
                                    "type": "integer"
                                },
                                "emp_number": {
                                    "type": "string"
                                },
                                "emp_name": {
                                    "type": "string"
                                },
                                "email_address": {
                                    "type": "string"
                                },
                                "grade_name": {
                                    "type": "string"
                                },
                                "dept_name": {
                                    "type": "string"
                                },
                                "project_owner_dep": {
                                    "type": "string"
                                },
                                "projectname": {
                                    "type": "string"
                                },
                                "projectdetails": {
                                    "type": "string"
                                },
                                "department": {
                                    "type": "string"
                                },
                                "nationality": {
                                    "type": "string"
                                },
                                "gender": {
                                    "type": "string"
                                },
                                "user_group": {
                                    "nullable": true
                                },
                                "category": {
                                    "nullable": true
                                },
                                "status": {
                                    "nullable": true
                                },
                                "interface_status": {
                                    "nullable": true
                                },
                                "error_message": {
                                    "nullable": true
                                },
                                "companion_required": {
                                    "nullable": true
                                },
                                "travel_status": {
                                    "type": "string"
                                },
                                "approver_id": {
                                    "nullable": true
                                },
                                "approver_name": {
                                    "nullable": true
                                },
                                "approver_email_id": {
                                    "nullable": true
                                },
                                "approver_level": {
                                    "nullable": true
                                },
                                "approver_number": {
                                    "nullable": true
                                },
                                "assignment_during_annual_leave": {
                                    "type": "string"
                                },
                                "travel_source": {
                                    "type": "string"
                                },
                                "travel_source_disp": {
                                    "type": "string"
                                },
                                "reference_num": {
                                    "type": "string"
                                },
                                "payment_date": {
                                    "type": "string"
                                },
                                "payment_description": {
                                    "type": "string"
                                }
                            }
                        }
                    },
                    "hasMore": {
                        "type": "boolean"
                    },
                    "limit": {
                        "type": "integer"
                    },
                    "offset": {
                        "type": "integer"
                    },
                    "count": {
                        "type": "integer"
                    },
                    "links": {
                        "type": "array",
                        "items": {
                            "type": "object",
                            "properties": {
                                "rel": {
                                    "type": "string"
                                },
                                "href": {
                                    "type": "string"
                                }
                            }
                        }
                    }
                }
            }
        }
    }
}