{
  "title": "main",
  "description": "",
  "variables": {},
  "metadata": {},
  "types": {},
  "eventListeners": {
    "buttonAction": {
      "chains": [
        {
          "chain": "FireNotificationActionChain",
          "parameters": {
            "delay": "0",
            "type": "Success",
            "title": "Success",
            "message": "<br><br>Lorem ipsum Reference site about Lorem Ipsum, giving information on its origins, as well as a random Lipsum.",
            "align": "center",
            "from": "top"
          }
        }
      ]
    },
    "buttonAction2": {
      "chains": [
        {
          "chain": "FireNotificationActionChain",
          "parameters": {
            "type": "Warning",
            "delay": "0",
            "message": "<br><br>Lorem ipsum Reference site about Lorem Ipsum, giving information on its origins, as well as a random Lipsum.",
            "title": "Warning",
            "align": "center",
            "from": "top"
          }
        }
      ]
    },
    "buttonAction3": {
      "chains": [
        {
          "chain": "FireNotificationActionChain",
          "parameters": {
            "type": "Information",
            "delay": "0",
            "message": "<br><br>Lorem ipsum Reference site about Lorem Ipsum, giving information on its origins, as well as a random Lipsum.",
            "title": "Information",
            "align": "center",
            "from": "top"
          }
        }
      ]
    },
    "buttonAction4": {
      "chains": [
        {
          "chain": "FireNotificationActionChain",
          "parameters": {
            "type": "Error",
            "delay": "0",
            "message": "<br><br>Lorem ipsum Reference site about Lorem Ipsum <br> <br> <br> Giving information on its origins, as well as a random Lipsum.",
            "title": "Error",
            "align": "center",
            "from": "top"
          }
        }
      ]
    },
    "buttonAction5": {
      "chains": [
        {
          "chain": "FireNotificationActionChain",
          "parameters": {
            "message": "<br><br>Lorem ipsum Reference site about Lorem Ipsum <br> <br> <br> Giving information on its origins, as well as a random Lipsum.",
            "title": "Success Top Right",
            "delay": "3000",
            "type": "Success",
            "from": "top",
            "align": "right"
          }
        }
      ]
    },
    "buttonAction6": {
      "chains": [
        {
          "chain": "FireNotificationActionChain",
          "parameters": {
            "delay": "3000",
            "message": "<br><br>Lorem ipsum Reference site about Lorem Ipsum <br> <br> <br> Giving information on its origins, as well as a random Lipsum.",
            "title": "Error",
            "type": "Error",
            "from": "bottom",
            "align": "left"
          }
        }
      ]
    },
    "buttonAction7": {
      "chains": [
        {
          "chain": "FireNotificationActionChain",
          "parameters": {
            "align": "center",
            "delay": "3000",
            "from": "bottom",
            "message": "<br><br>Lorem ipsum Reference site about Lorem Ipsum <br> <br> <br> Giving information on its origins, as well as a random Lipsum.",
            "title": "Warning Delay",
            "type": "Warning"
          }
        }
      ]
    },
    "toggleDrawer": {
      "chains": [
        {
          "chain": "application:toggleDrawerHandler"
        }
      ]
    }

  },
  "imports": {
    "components": {
      "oj-button": {
        "path": "ojs/ojbutton"
      }
    }
  }
}