{
    "paths": {
        "exclude": [
            "build/**",
            "docs/**",
            "scripts/**",
            "tests/**",
            "**/private",
            "+(web|mobile)Apps/**/resources/components/**/lib/*"
        ]
    },
    "rules": {
        "oj-sp-list-section-parent": {
            "description": "Ensure the oj-sp-list-section component is only used within summarizing collection or foldout panel components",
            "enabled": false
        },
        "translations.audit.propertyNotTranslated": {
            "enabled": false
        },
        "csp-html-style-unsafe-inline": {
            "description": "<b>CSP-1030:</b><br>Embedding styles into HTML using &lt;style&gt; tags is a CSP violation.<br>For example, the following implementation will be blocked:<p><b>&lt;style&gt;<br> &nbsp; &nbsp; #inline-style { background: red }<br>&lt;/style&gt;</b><p>The general solution is to extract the styles into a style sheet and reference it in the HTML using <b>&lt;link href=\". . .\"&gt;</b><b><p>CSP-1031:</b><br>Setting a style attribute directly on element, e.g.<b>&lt;div style=\". . .\"&gt;</b> is a CSP violation.<p>The general solution is to set properties directly on the element's style property, e.g.<br><b>element.style.display = \"none\"</b><p>Alternatively, styles can be added by changing to a class and including the class in the HTML element.",
            "enabled": false
        },
        "oj-html-slot-pref-content": {
            "description": "When component metadata defines 'preferredContent' for a slot, child elements placed into that slot should implement one or more of the requested interfaces and document that through their 'implements' metadata. This rule applies to components that are directly allocated to a slot, or which are direct children of a template allocated to that slot.",
            "enabled": false
        },
        "html#static_id": {
            "enabled": false
        },
        "oj-sp-empty-state-usage": {
            "description": "Ensure noData slot of collections use oj-sp-empty-state",
            "enabled": false
        },
        "expressions#js-validation-warning": {
            "enabled": false
        },
        "oj-js-noconsole": {
            "description": "console.log() should be removed before general release",
            "enabled": false
        },
        "eslint.no-var": {
            "enabled": false
        }
    },
    "auditors": {}
}