{
    "items": [
        {
            "document_id": 1134,
            "document_name": "SaaS Work Flow Api.txt",
            "document_category": "TEST",
            "document_type": "text/plain",
            "description": "undefined",
            "document_file": null,
            "req_code": "LEAVE",
            "req_hdr_id": 8009,
            "document_guid": null,
            "attribute_data": null,
            "created_by": "API",
            "creation_date": "2024-03-21T10:55:28Z",
            "last_updated_by": "API",
            "last_update_date": "2024-03-21T10:55:28Z",
            "last_update_login": "API"
        }
    ],
    "hasMore": false,
    "limit": 0,
    "offset": 0,
    "count": 1,
    "links": [
        {
            "rel": "self",
            "href": "http://4idemo.4iapps.com/ords/haya/requestapplicaton/pkg/downloadfile?pdocumentid=1134&pReqhdrid=8009"
        },
        {
            "rel": "describedby",
            "href": "http://4idemo.4iapps.com/ords/haya/metadata-catalog/requestapplicaton/pkg/item"
        }
    ]
}