{
  "title": "",
  "description": "",
  "variables": {
    "backgroundColor": {
      "type": "string",
      "defaultValue": "dark-ocean"
    },
    "illustrationBackground": {
      "type": "string",
      "defaultValue": "https://static.oracle.com/cdn/fnd/gallery/2307.0.2/images/illust-welcome-banner-bg-01.png"
    },
    "illustrationForeground": {
      "type": "string",
      "defaultValue": "https://static.oracle.com/cdn/fnd/gallery/2307.0.2/images/illust-welcome-banner-fg-01.png"
    },
    "imageStretch": {
      "type": "string",
      "defaultValue": "none"
    },
    "mobileImage": {
      "type": "string",
      "defaultValue": "on"
    },
    "UserLogin": {
      "type": "string",
      "defaultValue": "Jane Smith",
      "required": true,
      "input": "fromUrl"
    }
  },
  "metadata": {},
  "types": {},
  "eventListeners": {
    "divClick": {
      "chains": [
        {
          "chain": "divClickChain"
        }
      ]
    },
    "miniCardClick": {
      "chains": [
        {
          "chain": "onClickLeaveRequest"
        }
      ]
    },
    "miniCardClick2": {
      "chains": [
        {
          "chain": "onClickClaimRequest"
        }
      ]
    },
    "miniCardClick3": {
      "chains": [
        {
          "chain": "onClickLetterRequest"
        }
      ]
    },
    "miniCardClick4": {
      "chains": [
        {
          "chain": "onClickPayslipRequest"
        }
      ]
    },
    "miniCardClick5": {
      "chains": [
        {
          "chain": "onClickApprovals"
        }
      ]
    },
    "miniCardClick6": {
      "chains": [
        {
          "chain": "MiniCardSpDetailActionChain"
        }
      ]
    },
    "panelClick": {
      "chains": [
        {
          "chain": "onClickNewLeaveRequest"
        }
      ]
    },
    "vbEnter": {
      "chains": [
        {
          "parameters": {},
          "chain": "vbEnterChangeListener"
        }
      ]
    }

  },
  "imports": {
    "components": {
      "oj-action-card": {
        "path": "ojs/ojactioncard"
      },
      "oj-avatar": {
        "path": "ojs/ojavatar"
      },
      "oj-label": {
        "path": "ojs/ojlabel"
      },
      "oj-list-item-layout": {
        "path": "ojs/ojlistitemlayout"
      },
      "oj-list-view": {
        "path": "ojs/ojlistview"
      },
      "oj-sp-card": {
        "path": "oj-sp/card/loader"
      },
      "oj-sp-list-section": {
        "path": "oj-sp/list-section/loader"
      },
      "oj-sp-mini-card": {
        "path": "oj-sp/mini-card/loader"
      },
      "oj-sp-skill-chip": {
        "path": "oj-sp/skill-chip/loader"
      },
      "oj-sp-task-card": {
        "path": "oj-sp/task-card/loader"
      },
      "oj-sp-thumbnail": {
        "path": "oj-sp/thumbnail/loader"
      },
      "oj-sp-welcome-page": {
        "path": "oj-sp/welcome-page/loader"
      }

    },
    "css": [
      "/resources/css/app.css"
    ]
  }
}
