{
    "items": [
        {
            "request_id": 2920,
            "object_version_number": 0,
            "request_number": "intre-001",
            "person_id": 1404,
            "approver_id": "1089",
            "approver_name": "pramod",
            "approver_number": "pramod56",
            "approver_email": "pramod@",
            "approver_level": 1,
            "approver_email_id": "pramod",
            "category": "abc",
            "user_group": "line manager",
            "comments": "ptes",
            "vbcs_instance_id": "dfd4654",
            "status": "Draft",
            "department_id": 4564,
            "department": "it",
            "department_approver": null,
            "department_approver_email": "res",
            "department_approver_name": "asdf",
            "approver1": 11,
            "approver2": 11,
            "approver3": 11,
            "approver4": 11,
            "approver5": 11,
            "approver_number_1": "12",
            "approver_number_2": "12",
            "approver_number_3": "12",
            "approver_number_4": "12",
            "approver_number_5": "12",
            "approver_name_1": "13",
            "approver_name_2": "13",
            "approver_name_3": "13",
            "approver_name_4": "13",
            "approver_name_5": "13",
            "approver_email_1": "14",
            "approver_email_2": "14",
            "approver_email_3": "14",
            "approver_email_4": "14",
            "approver_email_5": "14",
            "creation_date": "2024-01-07T00:00:00Z",
            "created_by": "api",
            "last_update_date": "2024-01-07T00:00:00Z",
            "last_updated_by": "2024-01-07",
            "last_update_login": "api",
            "full_name": "Mohamed Assif Ali Syed Omar",
            "email_address": "testmomar@qia.qa",
            "dept_name": "IT",
            "grade_name": "Manager",
            "job_name": "Shared Services Manager",
            "saas_email_address": "Praveen.p@4iapps.com"
        }
    ],
    "hasMore": false,
    "limit": 25,
    "offset": 0,
    "count": 1,
    "links": [
        {
            "rel": "self",
            "href": "https://qiaccstst.ocsqia.qa/ords/qiaordswst1/adminmodule/find/admin/hdr?p_request_id=2920"
        },
        {
            "rel": "describedby",
            "href": "https://qiaccstst.ocsqia.qa/ords/qiaordswst1/metadata-catalog/adminmodule/find/admin/item"
        },
        {
            "rel": "first",
            "href": "https://qiaccstst.ocsqia.qa/ords/qiaordswst1/adminmodule/find/admin/hdr?p_request_id=2920"
        }
    ]
}