{
  "title": "",
  "description": "",
  "events": {},
  "eventListeners": {
    "toggleDrawer": {
      "chains": [
        {
          "chain": "application:toggleDrawerHandler"
        }
      ]
    }
  },
  "imports": {
    "components": {
      "oj-button": {
        "path": "ojs/ojbutton"
      },
      "oj-sp-header-create-edit": {
        "path": "oj-sp/header-create-edit/loader"
      }
    }
  },
  "metadata": {},
  "types": {},
  "slots": {
    "actions": {
      "displayName": "Actions"
    }
  },
  "variables": {
    "title": {
      "type": "string",
      "input": "fromCaller"
    }
  },
  "referenceable": "self"
}