{
    "items": [
        {
            "approvals_hdr_id": 1,
            "payment_terms": null,
            "purchasing_group": null,
            "purchasing_organization": null,
            "title": "Leave of absence for Abdul Salaam",
            "company_code": null,
            "tdate": null,
            "document_type": null,
            "comments": "Informed about the leave and no plans to extend the Current Leave",
            "from_date": "2024-02-01T14:11:04Z",
            "to_date": "2024-02-03T14:11:33Z",
            "group": "Leave",
            "type": "Annual Leave",
            "created_by": null,
            "creation_date": null,
            "last_updated_by": null,
            "last_update_date": null,
            "last_update_login": null
        },
        {
            "approvals_hdr_id": 2,
            "payment_terms": "2801-14 Days -3%",
            "purchasing_group": "003 - IDES - USA",
            "purchasing_organization": "300 - 100 -123",
            "title": "PO Approvals for A.M Industries",
            "company_code": null,
            "tdate": null,
            "document_type": null,
            "comments": null,
            "from_date": "2024-02-03T14:12:17Z",
            "to_date": null,
            "group": "PO",
            "type": null,
            "created_by": null,
            "creation_date": null,
            "last_updated_by": null,
            "last_update_date": null,
            "last_update_login": null
        },
        {
            "approvals_hdr_id": 3,
            "payment_terms": null,
            "purchasing_group": null,
            "purchasing_organization": null,
            "title": "PR Approval for 4i Apps Solutions",
            "company_code": null,
            "tdate": null,
            "document_type": null,
            "comments": null,
            "from_date": "2024-02-04T00:00:00Z",
            "to_date": null,
            "group": null,
            "type": null,
            "created_by": null,
            "creation_date": null,
            "last_updated_by": null,
            "last_update_date": null,
            "last_update_login": null
        }
    ],
    "hasMore": false,
    "limit": 0,
    "offset": 0,
    "count": 3,
    "links": [
        {
            "rel": "self",
            "href": "http://4idemo.4iapps.com/ords/haya/requestapplicaton/approvalslist"
        },
        {
            "rel": "describedby",
            "href": "http://4idemo.4iapps.com/ords/haya/metadata-catalog/requestapplicaton/item"
        }
    ]
}