{
    "items": [
        {
            "payslip_hdr_id": 901,
            "earnings": "$6000",
            "basic_salary": "$6803",
            "holiday_leave_pay": "$197",
            "deductions": "$300",
            "mpf_employee_voluntary_contribution": "$300",
            "netpay": "$5700.00",
            "employee_id": null,
            "month_id": 106,
            "created_by": "test",
            "creation_date": "2024-03-21T11:12:16.340Z",
            "last_updated_by": "test",
            "last_update_date": "2024-03-21T11:12:23.547Z",
            "last_update_login": "test"
        }
    ],
    "hasMore": false,
    "limit": 0,
    "offset": 0,
    "count": 1,
    "links": [
        {
            "rel": "self",
            "href": "http://4idemo.4iapps.com/ords/haya/requestapplicaton/getpayslip/106"
        },
        {
            "rel": "describedby",
            "href": "http://4idemo.4iapps.com/ords/haya/metadata-catalog/requestapplicaton/getpayslip/item"
        }
    ]
}