{
    "fields": [
        {
            "type": "number",
            "name": "id",
            "internal": false,
            "key": true,
            "oid": "8adc5fa0-8be0-4bb1-b20f-b7882175d0a9",
            "required": true,
            "unique": true,
            "displayLabel": "Id"
        },
        {
            "type": "datetime",
            "name": "creationDate",
            "internal": false,
            "oid": "473b4785-54e8-4506-89a3-b527441feb83",
            "displayLabel": "Created",
            "historyType": "timeCreated"
        },
        {
            "type": "datetime",
            "name": "lastUpdateDate",
            "internal": false,
            "oid": "22f835b5-9c58-4c78-93fe-5ea73436b8c5",
            "displayLabel": "Last Updated",
            "historyType": "timeUpdated"
        },
        {
            "type": "string",
            "name": "createdBy",
            "internal": false,
            "oid": "b210cd3b-bf41-4121-b7c9-9ae1eda73d37",
            "displayLabel": "Created By",
            "historyType": "createdBy"
        },
        {
            "type": "string",
            "name": "lastUpdatedBy",
            "internal": false,
            "oid": "16fad9dd-4808-4fce-98e8-ff7f4fe77016",
            "displayLabel": "Last Updated By",
            "historyType": "updatedBy"
        },
        {
            "type": "number",
            "name": "versionNumber",
            "internal": false,
            "oid": "8dbe872e-c5c4-4d5b-a044-d5654708911d",
            "displayLabel": "Version Number",
            "historyType": "versionNumber"
        },
        {
            "type": "string",
            "name": "title",
            "oid": "e94d0fc3-dd1e-4dd0-afbc-f74403a60595",
            "displayLabel": "Title"
        },
        {
            "type": "date",
            "name": "fromDate",
            "oid": "9c084017-f807-4523-b675-0bcfe08ea59c",
            "displayLabel": "From Date"
        },
        {
            "type": "date",
            "name": "toDate",
            "oid": "b9f9c026-ea23-4669-8161-38afb8e1211a",
            "displayLabel": "To Date"
        },
        {
            "type": "string",
            "name": "type1",
            "oid": "587c43e4-8c08-4b5c-aacb-bb6d053178b2",
            "displayLabel": "Type"
        },
{
            "type": "string",
            "name": "comments",
            "oid": "fdd0b379-fa0c-4948-9ebc-ad1ed3abdfbf",
            "displayLabel": "Comments"
        },
        {
            "type": "string",
            "name": "purchasingOrganization",
            "oid": "af50784d-0a5a-4247-b104-2672ae241562",
            "displayLabel": "Purchasing Organization"
        }        ,
        {
            "type": "string",
            "name": "purchasingGroup",
            "oid": "938469f1-2534-4af5-8f83-10ac83d28c18",
            "displayLabel": "Purchasing Group"
        }        ,
        {
            "type": "string",
            "name": "paymentTerms",
            "oid": "3e84e08b-26e4-4d09-a93b-c156e88dc7ab",
            "displayLabel": "Payment Terms"
        }        ,
        {
            "type": "string",
            "name": "group1",
            "oid": "54a3be03-fbc2-4114-b18b-a3eede9ffe15",
            "displayLabel": "group"
        }
    ],
    "name": "Approvals",
    "oid": "15504a9e-c61d-4a13-9c1d-2423f267b4c9",
    "displayLabel": "Approvals"
}